year,product,geography_id,rain_mm,rain_mm_months,former_mm,former_mm_months,latter_mm,latter_mm_months,pet_mm,pet_mm_months,balance_mm,balance_mm_months,wet_days,wet_days_months,spring_tmx_c,spring_tmx_c_months,annual_tmp_c,annual_tmp_c_months,rain_mm_baseline_n,rain_mm_anomaly,rain_mm_z,rain_percent_baseline,former_mm_baseline_n,former_mm_anomaly,former_mm_z,latter_mm_baseline_n,latter_mm_anomaly,latter_mm_z,pet_mm_baseline_n,pet_mm_anomaly,pet_mm_z,balance_mm_baseline_n,balance_mm_anomaly,balance_mm_z,wet_days_baseline_n,wet_days_anomaly,wet_days_z,spring_tmx_c_baseline_n,spring_tmx_c_anomaly,spring_tmx_c_z,annual_tmp_c_baseline_n,annual_tmp_c_anomaly,annual_tmp_c_z
1901,CRU-CY4.08,CRU-CY:Israel,,9,,0,24.4,2,,9,,9,,9,24.058695652173913,3,18.483835616438355,12,30,,,,30,,,30,-35.550000000000004,-1.20232367570755,30,,,30,,,30,,,30,-0.3208333333333364,-0.34812274605894405,30,-1.2505725727973704,-2.0767719903528756
1902,CRU-CY4.08,CRU-CY:Israel,410.6000000000001,12,45.8,2,73.2,2,1441.3999999999999,12,-1030.8000000000002,12,49.8,12,22.4304347826087,3,17.95917808219178,12,30,3.6800000000000637,0.03751027867805137,100.90435466430749,30,-17.76333333333333,-0.42960591126595954,30,13.25,0.44812345156469857,30,-60.39666666666676,-2.1499391670695855,30,64.07666666666637,0.5489060081288585,30,2.1799999999999997,0.31616445669491566,30,-1.94909420289855,-2.1148800817889,30,-1.7752301070439458,-2.9480481524500584
1903,CRU-CY4.08,CRU-CY:Israel,480.90000000000003,12,125.3,2,59.1,2,1402.3,12,-921.4000000000001,12,53.099999999999994,12,22.46413043478261,3,17.05068493150685,12,30,73.98000000000002,0.7540789175549438,118.18047773518136,30,61.73666666666667,1.4931002219097091,30,-0.8500000000000014,-0.028747542175848635,30,-99.49666666666667,-3.541781235049393,30,173.47666666666646,1.486069571921671,30,5.479999999999997,0.7947620287560261,30,-1.915398550724639,-2.0783183478719267,30,-2.683723257728875,-4.456743585094576
1904,CRU-CY4.08,CRU-CY:Israel,432.2,12,55.2,2,90.4,2,1401.1,12,-968.9000000000001,12,51.1,12,21.93586956521739,3,17.590710382513663,12,30,25.279999999999973,0.2576793057013917,106.21252334611225,30,-8.363333333333323,-0.20226707287789294,30,30.450000000000003,1.0298384226524584,30,-100.69666666666672,-3.5844976156523556,30,125.97666666666646,1.0791658307867664,30,3.480000000000004,0.5047028941735356,30,-2.4436594202898583,-2.651511982828378,30,-2.143697806722063,-3.5599465857649375
1905,CRU-CY4.08,CRU-CY:Israel,647.4,12,117.2,2,119.8,2,1424.1,12,-776.7,12,65.49999999999999,12,22.36086956521739,3,17.98,12,30,240.47999999999996,2.4512151675265317,159.09761132409318,30,53.63666666666668,1.2972018611710563,30,59.849999999999994,2.02416517555828,30,-77.69666666666672,-2.7657669874289375,30,318.1766666666665,2.7256268633368435,30,17.87999999999999,2.5931286631674717,30,-2.018659420289861,-2.190362371165888,30,-1.7544081892357255,-2.913470090664476
1906,CRU-CY4.08,CRU-CY:Israel,563.6999999999999,12,40.9,2,99.19999999999999,2,1444.8000000000002,12,-881.1000000000001,12,56.9,12,22.528260869565216,3,18.286301369863015,12,30,156.77999999999992,1.598060187811084,138.52845768209966,30,-22.663333333333327,-0.548112327021441,30,39.249999999999986,1.3274600357671253,30,-56.99666666666644,-2.0289094220278514,30,213.77666666666642,1.8312952722950737,30,9.280000000000001,1.3458743844627605,30,-1.8512681159420339,-2.0087331123525267,30,-1.4481068193727111,-2.404808602818705
1907,CRU-CY4.08,CRU-CY:Israel,519.5,12,71.2,2,84.1,2,1426.6000000000001,12,-907.1000000000001,12,54.00000000000001,12,21.660869565217393,3,17.659178082191783,12,30,112.57999999999998,1.1475291232540625,127.66637176840656,30,7.636666666666677,0.1846926520379649,30,24.14999999999999,0.816768404172639,30,-75.19666666666649,-2.6767745278394273,30,187.77666666666642,1.6085690139896522,30,6.38000000000001,0.9252886393181491,30,-2.718659420289857,-2.949902908021754,30,-2.075230107043943,-3.446245226860714
1908,CRU-CY4.08,CRU-CY:Israel,554.6,12,99.4,2,118.4,2,1447.1000000000001,12,-892.5000000000001,12,59.699999999999996,12,23.101086956521737,3,17.8775956284153,12,30,147.68,1.5053037921669923,136.29214587633933,30,35.83666666666668,0.8667091672021644,30,58.45,1.9768162825627646,30,-54.69666666666649,-1.947036359205511,30,202.37666666666644,1.7336383744226969,30,12.079999999999998,1.7519571728782481,30,-1.2784420289855127,-1.3871836357639498,30,-1.8568125608204262,-3.083528618432343
1909,CRU-CY4.08,CRU-CY:Israel,438.90000000000003,12,80.0,2,83.6,2,1457.3999999999999,12,-1018.4999999999998,12,47.900000000000006,12,23.827173913043477,3,18.997808219178083,12,30,31.980000000000018,0.32597247612066926,107.85903863167206,30,16.436666666666675,0.39752050074168666,30,23.64999999999999,0.7998580852456693,30,-44.39666666666676,-1.5803874256967727,30,76.37666666666678,0.6542726610964267,30,0.28000000000000824,0.04060827884155,30,-0.5523550724637722,-0.5993372403917099,30,-0.7365999700576431,-1.2232398336456598
1910,CRU-CY4.08,CRU-CY:Israel,439.4,12,90.6,2,128.6,2,1453.8,12,-1014.4,12,50.39999999999999,12,22.34891304347826,3,17.89972602739726,12,30,32.47999999999996,0.3310689813758386,107.98191290671384,30,27.03666666666667,0.6538813184984423,30,68.64999999999999,2.3217867886729473,30,-47.99666666666667,-1.7085365675056523,30,80.47666666666657,0.6893948787522799,30,2.779999999999994,0.40318219706966224,30,-2.030615942028991,-2.203335889652556,30,-1.8346821618384652,-3.046777618337831
1911,CRU-CY4.08,CRU-CY:Israel,548.1,12,59.9,2,122.1,2,1429.8999999999999,12,-881.8,12,58.699999999999996,12,22.297826086956523,3,17.83205479452055,12,30,141.18,1.4390492238497832,134.69478030079622,30,-3.663333333333327,-0.0885976536838598,30,62.14999999999999,2.1019526426223405,30,-71.89666666666676,-2.5593044811812944,30,213.0766666666666,1.8252987961099294,30,11.079999999999998,1.6069276055870023,30,-2.081702898550727,-2.258768195913773,30,-1.9023533947151776,-3.1591563191409664
1912,CRU-CY4.08,CRU-CY:Israel,571.8000000000001,12,70.3,2,65.19999999999999,2,1434.7,12,-862.9000000000001,12,61.2,12,22.19347826086957,3,17.93551912568306,12,30,164.88000000000005,1.6806235729448384,140.51902093777647,30,6.736666666666672,0.16292616751144776,30,5.249999999999986,0.17755834873318196,30,-67.09666666666658,-2.388438958769444,30,231.97666666666646,1.987203653108869,30,13.580000000000005,1.9695015238151177,30,-2.1860507246376812,-2.371991629979242,30,-1.7988890635526644,-2.9873375621709
1913,CRU-CY4.08,CRU-CY:Israel,507.5,12,79.3,2,55.5,2,1426.5,12,-919.0000000000001,12,56.4,12,22.356521739130432,3,17.994520547945207,12,30,100.57999999999998,1.0252129971299841,124.71738916740391,30,15.736666666666672,0.3805910127766178,30,-4.450000000000003,-0.15050183845003093,30,-75.29666666666662,-2.6803342262230125,30,175.87666666666644,1.506628918842171,30,8.780000000000001,1.2733596008171377,30,-2.0230072463768174,-2.1950800142519493,30,-1.7398876412905189,-2.889356442314004
1914,CRU-CY4.08,CRU-CY:Israel,421.4,12,74.19999999999999,2,97.1,2,1439.0,12,-1017.5999999999999,12,50.5,12,22.81847826086957,3,18.473150684931507,12,30,14.479999999999961,0.14759479218972094,103.55843900520986,30,10.636666666666663,0.2572476004596879,30,37.14999999999999,1.2564366962738527,30,-62.796666666666624,-2.2353719282755025,30,77.27666666666664,0.6619824161916132,30,2.8800000000000026,0.41768515379878807,30,-1.5610507246376812,-1.693830436357929,30,-1.2612575043042185,-2.0945159957428423
1915,CRU-CY4.08,CRU-CY:Israel,450.20000000000005,12,154.70000000000002,2,90.2,2,1478.0,12,-1027.8,12,50.5,12,23.202173913043477,3,19.300821917808218,12,30,43.28000000000003,0.44115349488750993,110.63599724761626,30,91.13666666666668,2.204138716442598,30,30.25,1.0230742950816702,30,-23.796666666666624,-0.8470895586792714,30,67.0766666666666,0.574605191779486,30,2.8800000000000026,0.41768515379878807,30,-1.1773550724637722,-1.2774984340130229,30,-0.43358627142750805,-0.7200380397660369
1916,CRU-CY4.08,CRU-CY:Israel,463.7,12,51.4,2,116.89999999999999,2,1529.7,12,-1066.0,12,53.7,12,24.472826086956523,3,19.42267759562841,12,30,56.77999999999997,0.5787591367770976,113.95360267374421,30,-12.163333333333327,-0.2941700075454093,30,56.94999999999999,1.9260853257818549,30,27.90333333333342,0.9932745056316313,30,28.87666666666655,0.24736891996152027,30,6.080000000000005,0.8817797691307748,30,0.09329710144927361,0.10123275788839702,30,-0.31173059360731514,-0.5176775657982098
1917,CRU-CY4.08,CRU-CY:Israel,507.6,12,33.3,2,42.0,2,1569.4,12,-1061.8,12,53.5,12,24.731521739130436,3,18.820273972602738,12,30,100.68,1.0262322981810184,124.74196402241226,30,-30.26333333333333,-0.7319181963564735,30,-17.950000000000003,-0.6070804494782144,30,67.60333333333347,2.4064747639129247,30,33.0766666666666,0.28334777707239645,30,5.880000000000003,0.8527738556725253,30,0.35199275362318616,0.38193252150904433,30,-0.9141342166329878,-1.5180633078174515
1918,CRU-CY4.08,CRU-CY:Israel,515.1,12,44.1,2,106.89999999999999,2,1466.2,12,-951.1000000000001,12,61.199999999999996,12,22.995652173913044,3,18.86465753424658,12,30,108.18,1.1026798770085673,126.58507814803892,30,-19.463333333333324,-0.4707203820382693,30,46.94999999999999,1.5878789472424597,30,-35.59666666666658,-1.267133967941719,30,143.77666666666642,1.2316476537804777,30,13.579999999999998,1.9695015238151168,30,-1.383876811594206,-1.5015864806009338,30,-0.8697506549891472,-1.4443574392744962
1919,CRU-CY4.08,CRU-CY:Israel,537.8000000000001,12,119.6,2,59.9,2,1462.8999999999999,12,-925.1,12,57.4,12,23.13586956521739,3,19.10027397260274,12,30,130.88000000000005,1.334061215593283,132.16357023493563,30,56.03666666666667,1.3552458199084347,30,-0.05000000000000426,-0.00169103189269712,30,-38.89666666666676,-1.3846040145998684,30,169.77666666666653,1.4543739120859,30,9.780000000000001,1.4183891681083833,30,-1.243659420289859,-1.3494424910754577,30,-0.6341342166329866,-1.053079371700833
1920,CRU-CY4.08,CRU-CY:Israel,605.2000000000002,12,48.4,2,90.1,2,1453.6000000000001,12,-848.4000000000001,12,60.6,12,23.222826086956523,3,18.445081967213113,12,30,198.28000000000014,2.021070123990191,148.72702251056722,30,-15.163333333333327,-0.3667249559671326,30,30.14999999999999,1.019692231296276,30,-48.19666666666649,-1.715655964272806,30,246.47666666666646,2.1114163740868928,30,12.980000000000004,1.88248378344037,30,-1.1567028985507264,-1.255089629354229,30,-1.2893262220226127,-2.1411285059087177
1921,CRU-CY4.08,CRU-CY:Israel,456.0,12,74.6,2,61.9,2,1457.2,12,-1001.1999999999999,12,55.10000000000001,12,22.454347826086952,3,18.307945205479452,12,30,49.079999999999984,0.5002729558474808,112.06133883810085,30,11.036666666666669,0.2669215935825845,30,1.9499999999999957,0.06595024381518191,30,-44.59666666666658,-1.5875068224639264,30,93.67666666666662,0.8024712868150327,30,7.480000000000011,1.0848211633385196,30,-1.9251811594202977,-2.088933044815572,30,-1.4264629837562737,-2.3688656175415903
1922,CRU-CY4.08,CRU-CY:Israel,499.5,12,39.1,2,37.4,2,1465.9999999999998,12,-966.4999999999999,12,52.3,12,23.296739130434784,3,18.976438356164387,12,30,92.57999999999998,0.9436689130472651,122.75140076673547,30,-24.463333333333324,-0.5916452960744749,30,-22.550000000000004,-0.7626553836063362,30,-35.79666666666685,-1.274253364708889,30,128.37666666666667,1.0997251777072685,30,4.68,0.6787383749230299,30,-1.0827898550724662,-1.1748896968911875,30,-0.7579698330713391,-1.258727844425593
1923,CRU-CY4.08,CRU-CY:Israel,406.9,12,47.099999999999994,2,53.8,2,1551.4,12,-1144.5,12,47.20000000000001,12,24.67391304347826,3,19.042465753424658,12,30,-0.020000000000038654,-0.00020386021020719143,99.99508502899832,30,-16.46333333333333,-0.39816543361654616,30,-6.150000000000006,-0.2079969228017282,30,49.60333333333347,1.7657290548685103,30,-49.62333333333345,-0.4250930522298483,30,-0.4199999999999875,-0.06091241826232139,30,0.29438405797101197,0.3194237506187317,30,-0.6919424358110682,-1.1490789906055348
1924,CRU-CY4.08,CRU-CY:Israel,442.8,12,45.2,2,51.0,2,1571.8,12,-1129.0,12,51.800000000000004,12,24.721739130434784,3,18.929234972677595,12,30,35.879999999999995,0.36572521711099454,108.81745797699793,30,-18.363333333333323,-0.4441169009503041,30,-8.950000000000003,-0.3026947087927587,30,70.00333333333333,2.4919075251188416,30,-34.12333333333345,-0.29231393670161626,30,4.180000000000007,0.6062235912774081,30,0.34221014492753454,0.37131782456540696,30,-0.8051732165581313,-1.337116469610274
1925,CRU-CY4.08,CRU-CY:Israel,367.40000000000003,12,118.3,2,71.3,2,1594.3,12,-1226.8999999999999,12,49.1,12,25.42391304347826,3,19.044109589041096,12,30,-39.51999999999998,-0.4028277753686315,90.28801730069792,30,54.73666666666667,1.3238053422590212,30,11.349999999999994,0.3838642396422133,30,92.50333333333333,3.2928396614243596,30,-132.0233333333333,-1.1309639631670287,30,1.480000000000004,0.21464375959104426,30,1.044384057971012,1.1332171829643074,30,-0.6902986001946303,-1.1463491436224633
1926,CRU-CY4.08,CRU-CY:Israel,480.59999999999997,12,75.6,2,103.5,2,1588.0,12,-1107.4,12,54.9,12,24.892391304347825,3,18.849589041095893,12,30,73.67999999999995,0.7510210144018412,118.1067531701563,30,12.036666666666669,0.2911065763898256,30,43.55,1.4728887785390656,30,86.20333333333338,3.068578663258816,30,-12.52333333333354,-0.10727981441711308,30,7.280000000000001,1.055815249880269,30,0.5128623188405754,0.5564853156933105,30,-0.8848191481398331,-1.4693810366193254
1927,CRU-CY4.08,CRU-CY:Israel,455.0,12,20.4,2,62.0,2,1597.6999999999998,12,-1142.6999999999998,12,46.2,12,25.918478260869566,3,19.27123287671233,12,30,48.079999999999984,0.49007994533714083,111.81559028801729,30,-43.16333333333333,-1.0439044745698838,30,2.049999999999997,0.0693323076005759,30,95.9033333333332,3.4138694064660773,30,-47.82333333333327,-0.4096735420394714,30,-1.4199999999999946,-0.20594198555356816,30,1.5389492753623166,1.6698490840037816,30,-0.46317531252339705,-0.7691752854613325
1928,CRU-CY4.08,CRU-CY:Israel,363.9,12,53.1,2,13.5,2,1649.3000000000002,12,-1285.4,12,44.599999999999994,12,26.24673913043478,3,19.363661202185792,12,30,-43.02000000000004,-0.43850331215482163,89.42789737540548,30,-10.463333333333324,-0.25305553677309933,30,-46.45,-1.5709686283154904,30,147.50333333333356,5.250673772393411,30,-190.52333333333354,-1.632098044354229,30,-3.020000000000003,-0.43798929321956254,30,1.8672101449275296,2.0260311370014055,30,-0.3707469870499338,-0.6156835476494802
1929,CRU-CY4.08,CRU-CY:Israel,448.5,12,55.0,2,67.7,2,1570.1000000000001,12,-1121.6000000000001,12,49.8,12,24.832608695652173,3,18.68383561643836,12,30,41.579999999999984,0.42382537701993167,110.2182247124742,30,-8.563333333333325,-0.20710406943934123,30,7.75,0.26210994336803123,30,68.30333333333351,2.4313926525979865,30,-26.723333333333585,-0.2289226170300744,30,2.1799999999999997,0.31616445669491566,30,0.4530797101449231,0.49161772325996733,30,-1.0505725727973676,-1.7446406074124305
1930,CRU-CY4.08,CRU-CY:Israel,441.3,12,89.0,2,53.599999999999994,2,1633.7,12,-1192.4,12,51.5,12,25.9304347826087,3,19.305753424657535,12,30,34.379999999999995,0.35043570134548474,108.4488351518726,30,25.436666666666675,0.6151853460068567,30,-6.3500000000000085,-0.2147610503725162,30,131.90333333333342,4.695360824554914,30,-97.52333333333354,-0.8354233511848369,30,3.8800000000000026,0.5627147210900337,30,1.55090579710145,1.6828226024904533,30,-0.42865476457819085,-0.711848498816817
1931,CRU-CY4.08,CRU-CY:Israel,430.09999999999997,12,46.8,2,60.7,2,1615.4,12,-1185.3000000000002,12,50.699999999999996,12,25.333695652173912,3,19.03013698630137,12,30,23.17999999999995,0.23627398362967772,105.69645139093679,30,-16.76333333333333,-0.4054209284587184,30,0.75,0.025365478390454634,30,113.60333333333347,4.043936020359761,30,-90.42333333333363,-0.7746019498783573,30,3.0799999999999983,0.4466910672570366,30,0.9541666666666622,1.0353260889285332,30,-0.7042712029343576,-1.1695528429785784
1932,CRU-CY4.08,CRU-CY:Israel,368.29999999999995,12,41.7,2,28.9,2,1590.9,12,-1222.6000000000001,12,47.3,12,24.797826086956523,3,18.936612021857922,12,30,-38.62000000000006,-0.39365406590932644,90.50919099577311,30,-21.863333333333323,-0.5287643407756479,30,-31.050000000000004,-1.050130805364822,30,89.10333333333347,3.1718099163826414,30,-127.72333333333358,-1.0941284666011346,30,-0.3200000000000003,-0.04640946153319867,30,0.4182971014492729,0.45387657857147906,30,-0.797796167377804,-1.3248657218788653
1933,CRU-CY4.08,CRU-CY:Israel,247.79999999999998,12,49.2,2,63.1,2,1493.6000000000001,12,-1245.8,12,38.900000000000006,12,22.044565217391302,3,18.198082191780824,12,30,-159.12000000000003,-1.6219118324052806,60.8964907107048,30,-14.363333333333323,-0.34737696972133963,30,3.1499999999999986,0.10653500923990943,30,-8.196666666666488,-0.29177661084077416,30,-150.9233333333334,-1.2928688201659706,30,-8.719999999999992,-1.2646578267796615,30,-2.334963768115948,-2.5335709056768483,30,-1.5363259974549024,-2.5513103909102406
1934,CRU-CY4.08,CRU-CY:Israel,369.30000000000007,12,21.5,2,29.9,2,1570.1,12,-1200.8,12,44.400000000000006,12,25.960869565217394,3,18.94931506849315,12,30,-37.61999999999995,-0.38346105539898545,90.7549395458567,30,-42.063333333333325,-1.0173009934819186,30,-30.050000000000004,-1.0163101675108825,30,68.30333333333328,2.4313926525979785,30,-105.9233333333334,-0.9073810654065874,30,-3.2199999999999918,-0.46699520667781,30,1.5813405797101439,1.7158461040928805,30,-0.7850931207425766,-1.3037703196462904
1935,CRU-CY4.08,CRU-CY:Israel,497.70000000000005,12,14.0,2,43.099999999999994,2,1603.6,12,-1105.9,12,47.800000000000004,12,26.075,3,19.30821917808219,12,30,90.78000000000003,0.9253214941286538,122.3090533765851,30,-49.563333333333325,-1.198688364536227,30,-16.85000000000001,-0.5698777478388811,30,101.80333333333328,3.623891611097305,30,-11.02333333333354,-0.09443022259180031,30,0.18000000000000682,0.02610532211242522,30,1.6954710144927496,1.8396842351019866,30,-0.4261890111535358,-0.707753728342213
1936,CRU-CY4.08,CRU-CY:Israel,328.7,12,94.4,2,42.5,2,1532.7,12,-1204.0,12,42.1,12,25.291304347826085,3,19.12513661202186,12,30,-78.22000000000003,-0.797297282118785,80.77754841246437,30,30.83666666666668,0.7457842531659589,30,-17.450000000000003,-0.5901701305512446,30,30.90333333333342,1.1000654571390338,30,-109.12333333333345,-0.934793527967255,30,-5.519999999999996,-0.8005632114476758,30,0.9117753623188349,0.9893290688394341,30,-0.6092715772138675,-1.0117910576317255
1937,CRU-CY4.08,CRU-CY:Israel,487.09999999999997,12,136.1,2,42.9,2,1557.4,12,-1070.3000000000002,12,50.800000000000004,12,25.430434782608696,3,19.36109589041096,12,30,80.17999999999995,0.8172755827190503,119.70411874569939,30,72.53666666666666,1.7542980362279128,30,-17.050000000000004,-0.5766418754096688,30,55.60333333333347,1.979310957883315,30,24.57666666666637,0.2105334233956221,30,3.180000000000007,0.4611940239861624,30,1.0509057971014464,1.140293647593399,30,-0.37331229882476435,-0.6199436503867195
1938,CRU-CY4.08,CRU-CY:Israel,524.0,12,89.5,2,66.2,2,1524.5,12,-1000.5,12,57.8,12,23.04891304347826,3,18.628493150684932,12,30,117.07999999999998,1.193397670550592,128.77224024378256,30,25.936666666666675,0.6272778374104773,30,6.25,0.21137898658712195,30,22.703333333333376,0.8081701896854656,30,94.37666666666655,0.8084677630001781,30,10.18,1.4764009950248815,30,-1.330615942028988,-1.4437953527966823,30,-1.105915038550794,-1.836545455842528
1939,CRU-CY4.08,CRU-CY:Israel,501.7,12,148.0,2,97.89999999999999,2,1521.6000000000001,12,-1019.9,12,56.4,12,24.76413043478261,3,19.312602739726028,12,30,94.77999999999997,0.9660935361700127,123.29204757691929,30,84.43666666666667,2.0420993316340823,30,37.94999999999999,1.2834932065570042,30,19.803333333333512,0.7049389365616481,30,74.97666666666657,0.642279708726133,30,8.780000000000001,1.2733596008171377,30,0.3846014492753618,0.41731484465450597,30,-0.4218054495096979,-0.7004741363873502
1940,CRU-CY4.08,CRU-CY:Israel,471.5,12,108.8,2,74.2,2,1502.1000000000001,12,-1030.6,12,52.29999999999999,12,23.790217391304346,3,18.986612021857923,12,30,64.57999999999998,0.6582646187577488,115.87044136439594,30,45.23666666666667,1.0940480055902306,30,14.25,0.4819440894186381,30,0.3033333333335122,0.010797751763532608,30,64.27666666666664,0.5506192870389025,30,4.679999999999993,0.6787383749230289,30,-0.5893115942029041,-0.6394372066232326,30,-0.7477961673778033,-1.241832876143754
1941,CRU-CY4.08,CRU-CY:Israel,444.59999999999997,12,100.3,2,73.1,2,1478.2,12,-1033.6,12,48.3,12,24.365217391304352,3,19.016438356164382,12,30,37.67999999999995,0.38407263602960584,109.25980536714833,30,36.73666666666667,0.8884756517286813,30,13.149999999999991,0.44474138777930433,30,-23.59666666666658,-0.8399701619121096,30,61.27666666666664,0.524920103388277,30,0.6799999999999997,0.09862010575804706,30,-0.014311594202897737,-0.015528908491617591,30,-0.7179698330713435,-1.1923015678375122
1942,CRU-CY4.08,CRU-CY:Israel,535.6,12,19.3,2,95.0,2,1450.4,12,-914.8,12,54.800000000000004,12,24.161956521739125,3,18.917534246575343,12,30,128.68,1.3116365924705347,131.62292342475178,30,-44.26333333333332,-1.070507955657849,30,35.05,1.1854133567805798,30,-51.39666666666653,-1.82956631254737,30,180.0766666666666,1.5426077759530483,30,7.180000000000007,1.0413122931511454,30,-0.2175724637681249,-0.23607872276499434,30,-0.8168739426603828,-1.3565473613190144
1943,CRU-CY4.08,CRU-CY:Israel,560.5999999999999,12,119.6,2,156.7,2,1414.3999999999999,12,-853.8,12,59.8,12,21.2,3,18.563287671232878,12,30,153.6799999999999,1.5664618552290304,137.76663717684065,30,56.03666666666667,1.3552458199084347,30,96.74999999999999,3.2721467123686474,30,-87.39666666666676,-3.111057730636207,30,241.0766666666666,2.0651578435157676,30,12.18,1.766460129607373,30,-3.1795289855072504,-3.449973075144255,30,-1.1711205180028479,-1.9448293861710535
1944,CRU-CY4.08,CRU-CY:Israel,410.2,12,20.6,2,56.5,2,1535.1000000000001,12,-1124.9,12,49.7,12,23.95434782608696,3,18.73743169398907,12,30,3.2799999999999727,0.0334330744739145,100.80605524427405,30,-42.963333333333324,-1.0390674780084355,30,-3.450000000000003,-0.11668120059609143,30,33.30333333333351,1.185498218344959,30,-30.02333333333354,-0.2571917190457621,30,2.0800000000000054,0.3016614999657919,30,-0.42518115942029056,-0.46134618012441286,30,-0.9969764952466562,-1.6556359106269263
1945,CRU-CY4.08,CRU-CY:Israel,674.6,12,204.5,2,43.3,2,1500.6000000000001,12,-826.0,12,63.900000000000006,12,23.03804347826087,3,18.339178082191783,12,30,267.68,2.728465053407777,165.78197188636585,30,140.93666666666667,3.408550860243205,30,-16.650000000000006,-0.5631136202680931,30,-1.1966666666664878,-0.04259772399016858,30,268.87666666666655,2.303303612011564,30,16.28000000000001,2.3610813555014816,30,-1.3414855072463787,-1.455589460511835,30,-1.3952301070439432,-2.3169985248632172
1946,CRU-CY4.08,CRU-CY:Israel,405.0,12,74.10000000000001,2,39.6,2,1505.8000000000002,12,-1100.8,12,50.099999999999994,12,23.79021739130435,3,19.053150684931506,12,30,-1.920000000000016,-0.019570580179852717,99.52816278383958,30,10.536666666666683,0.25482910217896426,30,-20.35,-0.6882499803276692,30,4.003333333333558,0.14250659195599716,30,-5.923333333333403,-0.05074161038573571,30,2.479999999999997,0.3596733268822889,30,-0.5893115942029006,-0.6394372066232287,30,-0.6812575043042202,-1.131334985215568
1947,CRU-CY4.08,CRU-CY:Israel,295.3,12,10.7,2,50.3,2,1533.0,12,-1237.7,12,40.0,12,25.471739130434784,3,19.486027397260273,12,30,-111.62,-1.1377438331641365,72.56954683967365,30,-52.86333333333333,-1.2784988078001227,30,-9.650000000000006,-0.3263691552905165,30,31.203333333333376,1.1107445522897723,30,-142.8233333333335,-1.2234810243092824,30,-7.619999999999997,-1.105125302759292,30,1.0922101449275345,1.1851112569109827,30,-0.24838079197545326,-0.4124752796732456
1948,CRU-CY4.08,CRU-CY:Israel,449.2,12,70.8,2,115.30000000000001,2,1472.0,12,-1022.8,12,52.2,12,22.06413043478261,3,18.150273224043715,12,30,42.27999999999997,0.4309604843771695,110.39024869753268,30,7.236666666666672,0.17501865891506832,30,55.35000000000001,1.8719723052155524,30,-29.796666666666624,-1.0606714616940762,30,72.0766666666666,0.6174371645305285,30,4.580000000000005,0.6642354181939062,30,-2.315398550724641,-2.5123415117895695,30,-1.5841349651920105,-2.6307046837676435
1949,CRU-CY4.08,CRU-CY:Israel,584.4999999999999,12,50.4,2,150.5,2,1408.5,12,-824.0,12,56.1,12,22.31847826086957,3,18.035068493150682,12,30,177.57999999999987,1.810074806426153,143.64002752383757,30,-13.163333333333327,-0.3183549903526504,30,90.55,3.062458757674223,30,-93.29666666666662,-3.3210799352674267,30,270.87666666666655,2.3204364011119814,30,8.480000000000004,1.2298507306297644,30,-2.0610507246376812,-2.2363593912549793,30,-1.699339696085044,-2.8220202167315662
1950,CRU-CY4.08,CRU-CY:Israel,460.0,12,6.5,2,52.0,2,1453.8000000000002,12,-993.8,12,53.60000000000001,12,23.245652173913044,3,18.425205479452053,12,30,53.079999999999984,0.5410449978888402,113.04433303843507,30,-57.063333333333325,-1.3800757355905353,30,-7.950000000000003,-0.2688740709388192,30,-47.99666666666644,-1.708536567505644,30,101.0766666666666,0.8658626064865755,30,5.980000000000011,0.867276812401651,30,-1.133876811594206,-1.2303220031524087,30,-1.3092027097836727,-2.174136532749116
1951,CRU-CY4.08,CRU-CY:Israel,280.7,12,46.400000000000006,2,46.1,2,1505.6000000000001,12,-1224.9,12,42.7,12,25.0,3,19.392602739726026,12,30,-126.22000000000003,-1.286561786615099,68.98161800845375,30,-17.16333333333332,-0.41509492158161465,30,-13.850000000000001,-0.4684158342770623,30,3.803333333333512,0.13538719518883538,30,-130.02333333333354,-1.1138311740666138,30,-4.919999999999995,-0.7135454710729282,30,0.6204710144927503,0.673246982073329,30,-0.3418054495096996,-0.5676215832111768
1952,CRU-CY4.08,CRU-CY:Israel,525.9,12,54.0,2,58.9,2,1492.5,12,-966.6,12,54.9,12,23.39021739130435,3,19.5931693989071,12,30,118.97999999999996,1.2127643905202374,129.2391624889413,30,-9.563333333333325,-0.23128905224658233,30,-1.0500000000000043,-0.03551166974663663,30,-9.296666666666624,-0.3309332930601599,30,128.27666666666653,1.0988685382522465,30,7.280000000000001,1.055815249880269,30,-0.9893115942028992,-1.0734603705408676,30,-0.14123879032862519,-0.23454917378340587
1953,CRU-CY4.08,CRU-CY:Israel,448.90000000000003,12,37.400000000000006,2,139.8,2,1484.3999999999999,12,-1035.5,12,52.5,12,22.689130434782605,3,18.637534246575346,12,30,41.98000000000002,0.427902581224068,110.31652413250761,30,-26.16333333333332,-0.6327597668467847,30,79.85000000000001,2.7005779326370702,30,-17.39666666666676,-0.6192688621301512,30,59.37666666666655,0.50864395374288,30,4.880000000000003,0.7077442883812795,30,-1.6903985507246446,-1.8341803181682603,30,-1.0968739426603804,-1.821531297435627
1954,CRU-CY4.08,CRU-CY:Israel,501.0,12,134.20000000000002,2,54.5,2,1475.8,12,-974.8,12,53.800000000000004,12,23.583695652173915,3,19.318082191780825,12,30,94.07999999999998,0.9589584288127749,123.1200235918608,30,70.63666666666668,1.7083465688941553,30,-5.450000000000003,-0.18432247630397045,30,-25.99666666666667,-0.9254029231180347,30,120.0766666666666,1.0286241029405374,30,6.180000000000007,0.8962827258598995,30,-0.7958333333333343,-0.8635252532111397,30,-0.4163259974549014,-0.6913746464437732
1955,CRU-CY4.08,CRU-CY:Israel,296.9,12,72.6,2,52.9,2,1489.5,12,-1192.6,12,44.10000000000001,12,23.96521739130435,3,19.71123287671233,12,30,-110.02000000000004,-1.121435016347593,72.96274451980732,30,9.036666666666669,0.21855162796810226,30,-7.050000000000004,-0.2384354968702737,30,-12.296666666666624,-0.43772424456756226,30,-97.72333333333336,-0.8371366300948772,30,-3.519999999999989,-0.5105040768651833,30,-0.41431159420289987,-0.44955207240926026,30,-0.023175312523395775,-0.038486242992361724
1956,CRU-CY4.08,CRU-CY:Israel,518.7,12,144.6,2,84.69999999999999,2,1492.9,12,-974.1999999999999,12,53.8,12,22.35326086956522,3,18.76775956284153,12,30,111.78000000000003,1.1393747148457911,127.46977292833974,30,81.03666666666666,1.9598703900894623,30,24.749999999999986,0.8370607868850025,30,-8.896666666666533,-0.31669449952583634,30,120.67666666666662,1.0337639396706626,30,6.18,0.8962827258598985,30,-2.026268115942031,-2.198618246566491,30,-0.9666486263941962,-1.605271725508907
1957,CRU-CY4.08,CRU-CY:Israel,434.70000000000005,12,22.0,2,102.3,2,1478.2,12,-1043.5,12,53.0,12,23.29673913043478,3,18.836164383561645,12,30,27.78000000000003,0.28316183197724193,106.82689472132115,30,-41.563333333333325,-1.005208502078298,30,42.349999999999994,1.4323040131143383,30,-23.59666666666658,-0.8399701619121096,30,51.37666666666655,0.4401127973412119,30,5.380000000000003,0.7802590720269024,30,-1.0827898550724697,-1.1748896968911915,30,-0.8982438056740811,-1.4916747869810836
1958,CRU-CY4.08,CRU-CY:Israel,366.5,12,59.3,2,17.5,2,1530.1000000000001,12,-1163.6,12,41.4,12,24.953260869565216,3,19.21808219178082,12,30,-40.420000000000016,-0.41200148482793775,90.06684360562272,30,-4.263333333333328,-0.1031086433682045,30,-42.45,-1.4356860768997324,30,28.303333333333512,1.0075132991659548,30,-68.72333333333336,-0.5887111881388302,30,-6.219999999999999,-0.9020839085515482,30,0.5737318840579668,0.622532318898169,30,-0.5163259974549064,-0.8574403379140016
1959,CRU-CY4.08,CRU-CY:Israel,320.30000000000007,12,14.8,2,46.199999999999996,2,1479.4,12,-1159.1,12,40.400000000000006,12,24.090217391304346,3,18.224383561643837,12,30,-86.61999999999995,-0.8829185704056391,78.71326059176252,30,-48.76333333333332,-1.179340378290434,30,-13.750000000000007,-0.46503377049166855,30,-22.396666666666533,-0.797253781309147,30,-64.22333333333336,-0.5501624126628918,30,-7.219999999999992,-1.047113475842793,30,-0.2893115942029034,-0.31391983368500154,30,-1.5100246275918892,-2.507632839181088
1960,CRU-CY4.08,CRU-CY:Israel,223.49999999999997,12,25.5,2,74.3,2,1514.3,12,-1290.8,12,34.9,12,25.37391304347826,3,19.812568306010927,12,30,-183.42000000000004,-1.8696019878065397,54.92480094367442,30,-38.063333333333325,-0.9205610622529541,30,14.349999999999994,0.48532615320403183,30,12.50333333333333,0.44508095456029584,30,-195.9233333333334,-1.6783565749253537,30,-12.719999999999999,-1.8447760959446455,30,0.9943840579710113,1.0789642874746015,30,0.07816011677520152,0.12979713837666995
1961,CRU-CY4.08,CRU-CY:Israel,380.8,12,68.6,2,46.5,2,1470.1999999999998,12,-1089.3999999999999,12,46.4,12,23.294565217391302,3,18.670684931506848,12,30,-26.120000000000005,-0.2662414345300775,93.58104787181755,30,5.036666666666669,0.1218116967391378,30,-13.450000000000003,-0.45488757913548655,30,-31.596666666666806,-1.1247460325985241,30,5.476666666666688,0.04691528748664216,30,-1.2199999999999989,-0.1769360720953196,30,-1.0849637681159479,-1.177248518434222,30,-1.0637232577288778,-1.766479383277013
1962,CRU-CY4.08,CRU-CY:Israel,409.8,12,38.9,2,24.3,2,1490.8,12,-1081.0,12,47.400000000000006,12,24.347826086956523,3,19.895890410958906,12,30,2.8799999999999955,0.029355870269778782,100.70775582424064,30,-24.663333333333327,-0.5964822926359232,30,-35.650000000000006,-1.2057057394929438,30,-10.99666666666667,-0.39144816558102286,30,13.876666666666551,0.11887300170839252,30,-0.21999999999999176,-0.031906504804072866,30,-0.03170289855072639,-0.03439948083586561,30,0.16148222172317972,0.2681665681060725
1963,CRU-CY4.08,CRU-CY:Israel,332.20000000000005,12,20.6,2,58.7,2,1505.0,12,-1172.8,12,42.5,12,22.620652173913047,3,19.47232876712329,12,30,-74.71999999999997,-0.7616217453325949,81.63766833775682,30,-42.963333333333324,-1.0390674780084355,30,-1.25,-0.04227579731742439,30,3.2033333333333758,0.11402900488735006,30,-77.9233333333334,-0.6675220180007488,30,-5.119999999999997,-0.7425513845311777,30,-1.7588768115942024,-1.908483196773718,30,-0.2620794221124356,-0.4352240045321733
1964,CRU-CY4.08,CRU-CY:Israel,513.1,12,72.4,2,69.7,2,1441.2,12,-928.1,12,58.2,12,23.00108695652174,3,18.250273224043713,12,30,106.18,1.0822938559878876,126.09358104787181,30,8.83666666666668,0.2137146314066543,30,9.75,0.32975121907591026,30,-60.59666666666658,-2.157058563836739,30,166.77666666666653,1.4286747284352745,30,10.580000000000005,1.5344128219413806,30,-1.3784420289855106,-1.4956894267433576,30,-1.4841349651920126,-2.4646389922974272
1965,CRU-CY4.08,CRU-CY:Israel,533.9,12,129.3,2,76.3,2,1499.8,12,-965.8999999999999,12,55.800000000000004,12,23.47717391304348,3,18.932602739726025,12,30,126.97999999999996,1.2943084746029565,131.20515088960974,30,65.73666666666668,1.5898401531386737,30,16.349999999999994,0.5529674289119109,30,-1.9966666666666697,-0.07107531105881569,30,128.9766666666667,1.104865014437394,30,8.180000000000007,1.186341860442391,30,-0.9023550724637701,-0.9791075088196429,30,-0.8018054495097005,-1.331523763974191
1966,CRU-CY4.08,CRU-CY:Israel,340.5,12,75.0,2,76.2,2,1481.3,12,-1140.8,12,46.4,12,24.156521739130437,3,19.62876712328767,12,30,-66.42000000000002,-0.6770197580967744,83.6773813034503,30,11.436666666666675,0.27659558670548107,30,16.25,0.5495853651265171,30,-20.49666666666667,-0.7296195120211304,30,-45.9233333333334,-0.39339739239407634,30,-1.2199999999999989,-0.1769360720953196,30,-0.22300724637681313,-0.24197577662256295,30,-0.10564106594805622,-0.17543356664315085
1967,CRU-CY4.08,CRU-CY:Israel,609.9000000000001,12,56.900000000000006,2,122.4,2,1435.4,12,-825.5,12,59.00000000000001,12,21.856521739130432,3,18.01808219178082,12,30,202.98000000000008,2.068977273388788,149.88204069595992,30,-6.66333333333332,-0.16115260210558296,30,62.45,2.1120988339785227,30,-66.39666666666653,-2.363521070084382,30,269.37666666666655,2.3075868092866685,30,11.38000000000001,1.6504364757743777,30,-2.5230072463768174,-2.7376089691489995,30,-1.7163259974549057,-2.8502286355566424
1968,CRU-CY4.08,CRU-CY:Israel,428.90000000000003,12,99.69999999999999,2,52.5,2,1465.6,12,-1036.6999999999998,12,53.00000000000001,12,23.858695652173914,3,18.877049180327866,12,30,21.980000000000018,0.22404237101727056,105.40155313083652,30,36.13666666666666,0.8739646620443363,30,-7.450000000000003,-0.25196375201184945,30,-36.196666666666715,-1.2884921582432045,30,58.17666666666673,0.49836428028263136,30,5.38000000000001,0.7802590720269034,30,-0.5208333333333357,-0.5651343280177634,30,-0.85735900890786,-1.423779166525064
1969,CRU-CY4.08,CRU-CY:Israel,561.0999999999999,12,73.0,2,120.9,2,1456.1,12,-895.0,12,57.49999999999999,12,23.618478260869566,3,19.179178082191783,12,30,154.1799999999999,1.5715583604842003,137.8895114518824,30,9.436666666666675,0.22822562109099884,30,60.95,2.0613678771976134,30,-45.696666666666715,-1.626663504683312,30,199.87666666666655,1.7122223880471765,30,9.879999999999995,1.432892124837507,30,-0.7610507246376841,-0.8257841085226514,30,-0.5552301070439434,-0.9220467165133681
1970,CRU-CY4.08,CRU-CY:Israel,396.00000000000006,12,72.2,2,106.4,2,1459.7,12,-1063.7,12,48.0,12,24.48913043478261,3,18.89123287671233,12,30,-10.919999999999959,-0.11130767477291098,97.31642583308759,30,8.636666666666677,0.20887763484520602,30,46.45,1.5709686283154904,30,-42.09666666666658,-1.4985143628744244,30,31.176666666666506,0.26707162742699947,30,0.38000000000000256,0.055111235570673746,30,0.10960144927535964,0.1189239194611259,30,-0.8431753125233961,-1.4002249130481674
1971,CRU-CY4.08,CRU-CY:Israel,451.90000000000003,12,47.3,2,151.0,2,1438.8,12,-986.9,12,54.00000000000001,12,23.220652173913045,3,18.529041095890413,12,30,44.98000000000002,0.4584816127550876,111.05376978275828,30,-16.26333333333333,-0.3933284370550979,30,91.05,3.0793690766011927,30,-62.99666666666667,-2.242491325042664,30,107.97666666666657,0.9249707288830141,30,6.38000000000001,0.9252886393181491,30,-1.1588768115942045,-1.2574484508972597,30,-1.2053670933453127,-2.0017011983183877
1972,CRU-CY4.08,CRU-CY:Israel,467.6,12,56.0,2,94.7,2,1437.6,12,-970.0,12,55.699999999999996,12,23.315217391304348,3,18.31639344262295,12,30,60.68000000000001,0.6185118777674234,114.91202201907008,30,-7.5633333333333255,-0.1829190866321001,30,34.75,1.175267165424398,30,-64.19666666666672,-2.2852077056456266,30,124.87666666666655,1.0697427967815378,30,8.079999999999998,1.1718389037132653,30,-1.064311594202902,-1.1548397137754283,30,-1.4180147466127764,-2.3548359941121975
1973,CRU-CY4.08,CRU-CY:Israel,308.7,12,55.8,2,70.5,2,1481.0,12,-1172.3000000000002,12,42.9,12,23.268478260869564,3,18.61808219178082,12,30,-98.22000000000003,-1.0011574923255824,75.86257741079328,30,-7.763333333333328,-0.1877560831935484,30,10.549999999999997,0.3568077293590618,30,-20.796666666666624,-0.740298607171869,30,-77.42333333333363,-0.6632388207256465,30,-4.719999999999999,-0.6845395576146797,30,-1.1110507246376855,-1.2055543769505883,30,-1.1163259974549042,-1.8538344867353191
1974,CRU-CY4.08,CRU-CY:Israel,575.6,12,89.0,2,83.5,2,1447.7,12,-872.1,12,57.5,12,23.131521739130434,3,18.542191780821916,12,30,168.68,1.7193570128841296,141.45286542809396,30,25.436666666666675,0.6151853460068567,30,23.549999999999997,0.7964760214602754,30,-54.09666666666658,-1.9256781689040339,30,222.77666666666653,1.9083928232469514,30,9.880000000000003,1.4328921248375082,30,-1.2480072463768153,-1.3541601341615186,30,-1.1922164084138096,-1.979862422453817
1975,CRU-CY4.08,CRU-CY:Israel,412.29999999999995,12,52.900000000000006,2,48.099999999999994,2,1451.1000000000001,12,-1038.8,12,49.49999999999999,12,23.982608695652175,3,18.4572602739726,12,30,5.379999999999939,0.05483839654562788,101.3221271994495,30,-10.66333333333332,-0.2578925333345474,30,-11.850000000000009,-0.40077455856918354,30,-50.69666666666649,-1.804648423862308,30,56.0766666666666,0.4803748517271923,30,1.8799999999999955,0.2726555865075413,30,-0.39692028985507477,-0.4306815000650161,30,-1.277147915263125,-2.12090451657921
1976,CRU-CY4.08,CRU-CY:Israel,377.5,12,51.0,2,89.8,2,1416.8,12,-1039.3000000000002,12,50.50000000000001,12,22.932608695652174,3,18.389890710382517,12,30,-29.420000000000016,-0.2998783692141992,92.77007765654183,30,-12.563333333333325,-0.3038440006683057,30,29.849999999999994,1.0095460399400944,30,-84.99666666666667,-3.0256249694302815,30,55.57666666666637,0.47609165445208607,30,2.8800000000000097,0.41768515379878907,30,-1.4469202898550755,-1.569992305348823,30,-1.3445174788532093,-2.2327822481955533
1977,CRU-CY4.08,CRU-CY:Israel,417.6,12,88.7,2,135.60000000000002,2,1472.0,12,-1054.4,12,48.900000000000006,12,22.969565217391303,3,18.60876712328767,12,30,10.680000000000007,0.1088613522504299,102.62459451489235,30,25.136666666666677,0.6079298511646845,30,75.65000000000002,2.558531253650525,30,-29.796666666666624,-1.0606714616940762,30,40.47666666666646,0.34673909674393827,30,1.2800000000000082,0.18563784613279571,30,-1.4099637681159471,-1.529892339117304,30,-1.1256410659480558,-1.8693036196393957
1978,CRU-CY4.08,CRU-CY:Israel,442.0,12,67.4,2,77.39999999999999,2,1465.9,12,-1023.9000000000001,12,49.699999999999996,12,24.13478260869565,3,18.869589041095892,12,30,35.079999999999984,0.3575708087027225,108.62085913693109,30,3.83666666666668,0.09278971737044873,30,17.44999999999999,0.5901701305512441,30,-35.89666666666653,-1.2778130630924578,30,70.97666666666646,0.6080141305252981,30,2.0799999999999983,0.30166149996579084,30,-0.24474637681159805,-0.265563992052872,30,-0.8648191481398335,-1.4361678983252821
1979,CRU-CY4.08,CRU-CY:Israel,291.1,12,40.3,2,55.099999999999994,2,1480.7000000000003,12,-1189.6000000000001,12,43.699999999999996,12,24.289130434782606,3,19.343561643835617,12,30,-115.82,-1.1805544773075638,71.53740292932272,30,-23.26333333333333,-0.5626233167057857,30,-4.8500000000000085,-0.16403009359160692,30,-21.09666666666635,-0.7509777023225995,30,-94.72333333333358,-0.8114374464442535,30,-3.9200000000000017,-0.5685159037816835,30,-0.0903985507246432,-0.09808766249769736,30,-0.3908465454001089,-0.6490620182061588
1980,CRU-CY4.08,CRU-CY:Israel,656.5,12,162.6,2,96.0,2,1456.3,12,-799.8,12,61.900000000000006,12,23.497826086956525,3,18.74590163934426,12,30,249.57999999999998,2.543971563170625,161.33392312985353,30,99.03666666666666,2.3952000806198024,30,36.05,1.2192339946345194,30,-45.49666666666667,-1.6195441079161503,30,295.0766666666666,2.5277431492270277,30,14.280000000000008,2.0710222209189904,30,-0.8817028985507243,-0.9566987041608491,30,-0.9885065498914649,-1.641570237305678
1981,CRU-CY4.08,CRU-CY:Israel,485.4,12,34.4,2,59.4,2,1463.1,12,-977.6999999999998,12,52.7,12,23.294565217391302,3,18.766027397260274,12,30,78.47999999999996,0.7999474648514727,119.28634621055735,30,-29.163333333333327,-0.7053147152685082,30,-0.5500000000000043,-0.018601350819666875,30,-38.696666666666715,-1.3774846178327065,30,117.17666666666673,1.003781558744934,30,5.080000000000005,0.7367502018395291,30,-1.0849637681159479,-1.177248518434222,30,-0.9683807919754521,-1.608148258258829
1982,CRU-CY4.08,CRU-CY:Israel,372.6,12,67.9,2,79.30000000000001,2,1433.1000000000001,12,-1060.5,12,48.00000000000001,12,22.611956521739128,3,18.04054794520548,12,30,-34.31999999999999,-0.3498241207148643,91.5659097611324,30,4.33666666666668,0.1048822087740693,30,19.35000000000001,0.6544293424737299,30,-68.69666666666649,-2.4453941329067224,30,34.37666666666655,0.2944840899876671,30,0.38000000000000966,0.05511123557067478,30,-1.767572463768122,-1.9179184829458478,30,-1.6938602440302475,-2.812920726787989
1983,CRU-CY4.08,CRU-CY:Israel,551.3,12,96.1,2,97.4,2,1408.7,12,-857.4,12,59.39999999999999,12,22.1,3,17.94739726027397,12,30,144.37999999999994,1.47166685748287,135.4811756610636,30,32.53666666666667,0.7868987239382684,30,37.45,1.266582887630035,30,-93.09666666666658,-3.313960538500265,30,237.47666666666657,2.034318823135017,30,11.779999999999994,1.7084483026908737,30,-2.2795289855072483,-2.473420956329562,30,-1.787010928961756,-2.9676120558287447
1984,CRU-CY4.08,CRU-CY:Israel,358.29999999999995,12,61.199999999999996,2,124.1,2,1465.1,12,-1106.8,12,42.800000000000004,12,23.644565217391307,3,18.48989071038251,12,30,-48.62000000000006,-0.49558417101272517,88.05170549493756,30,-2.3633333333333297,-0.057157176034446415,30,64.14999999999999,2.1695939183302193,30,-36.696666666666715,-1.306290650161105,30,-11.923333333333403,-0.10213997768698681,30,-4.819999999999993,-0.6990425143438034,30,-0.7349637681159429,-0.7974782500062813,30,-1.244517478853215,-2.0667165567253423
1985,CRU-CY4.08,CRU-CY:Israel,397.5,12,61.4,2,53.5,2,1476.1,12,-1078.6,12,48.7,12,23.60108695652174,3,19.00328767123288,12,30,-9.420000000000016,-0.09601815900740175,97.6850486582129,30,-2.163333333333327,-0.05232017947299812,30,-6.450000000000003,-0.21814311415790996,30,-25.696666666666715,-0.9147238279672961,30,16.276666666666642,0.13943234862889375,30,1.0800000000000054,0.15663193267454617,30,-0.7784420289855092,-0.8446546808668955,30,-0.7311205180028466,-1.2141403437020828
1986,CRU-CY4.08,CRU-CY:Israel,328.1,12,43.0,2,32.2,2,1474.6,12,-1146.4999999999998,12,46.10000000000001,12,23.546739130434784,3,18.841369863013696,12,30,-78.82,-0.8034130884249886,80.63009928241424,30,-20.563333333333325,-0.4973238631262346,30,-27.75,-0.9385227004468215,30,-27.196666666666715,-0.9681193037209973,30,-51.62333333333322,-0.4422258413302633,30,-1.519999999999989,-0.2204449422826919,30,-0.8327898550724662,-0.9036252194426624,30,-0.8930383262220296,-1.483030271534694
1987,CRU-CY4.08,CRU-CY:Israel,519.1,12,232.8,2,74.39999999999999,2,1453.5,12,-934.4,12,54.0,12,22.131521739130438,3,18.81616438356164,12,30,112.18,1.1434519190499268,127.56807234837314,30,169.23666666666668,4.0929858736881295,30,14.449999999999989,0.48870821698942557,30,-48.296666666666624,-1.7192156626563908,30,160.47666666666657,1.3747064427689613,30,6.380000000000003,0.9252886393181481,30,-2.2480072463768117,-2.439218043955616,30,-0.9182438056740843,-1.5248879252751328
1988,CRU-CY4.08,CRU-CY:Israel,567.0,12,69.9,2,73.0,2,1483.9,12,-916.9000000000001,12,61.1,12,23.664130434782606,3,18.855464480874314,12,30,160.07999999999998,1.6316971224952064,139.3394278973754,30,6.33666666666668,0.15325217438855152,30,13.049999999999997,0.44135932399391054,30,-17.896666666666533,-0.6370673540480435,30,177.97666666666646,1.5246183473976092,30,13.480000000000004,1.9549985670859928,30,-0.7153985507246432,-0.7762488561190104,30,-0.8789437083614118,-1.4596239469243737
1989,CRU-CY4.08,CRU-CY:Israel,380.3,12,59.7,2,62.7,2,1484.3000000000002,12,-1104.0,12,49.699999999999996,12,25.00978260869565,3,18.822191780821917,12,30,-26.620000000000005,-0.2713379397852474,93.45817359677578,30,-3.8633333333333226,-0.09343465024530792,30,2.75,0.09300675409833366,30,-17.496666666666442,-0.6228285605137199,30,-9.123333333333449,-0.07815407294640335,30,2.0799999999999983,0.30166149996579084,30,0.630253623188402,0.6838616790169663,30,-0.9122164084138085,-1.5148784863371987
1990,CRU-CY4.08,CRU-CY:Israel,413.4,12,84.2,2,79.8,2,1460.4,12,-1047.0,12,49.5,12,23.359782608695657,3,19.10054794520548,12,30,6.479999999999961,0.06605070810700198,101.59245060454143,30,20.636666666666677,0.49909742853209943,30,19.849999999999994,0.6713396614006991,30,-41.39666666666653,-1.4735964741893621,30,47.87666666666655,0.4101304164154821,30,1.8800000000000026,0.27265558650754235,30,-1.019746376811593,-1.1064838721432948,30,-0.6338602440302452,-1.0526243972036515
1991,CRU-CY4.08,CRU-CY:Israel,351.9,12,31.299999999999997,2,98.0,2,1484.1,12,-1132.2,12,48.1,12,24.28804347826087,3,19.031780821917813,12,30,-55.02000000000004,-0.5608194382789001,86.47891477440282,30,-32.26333333333333,-0.7802881619709557,30,38.05,1.2868752703423985,30,-17.696666666666715,-0.6299479572808898,30,-37.323333333333494,-0.3197263992622839,30,0.480000000000004,0.06961419229979852,30,-0.09148550724637872,-0.09926707326920876,30,-0.7026273673179126,-1.1668229959954954
1992,CRU-CY4.08,CRU-CY:Israel,716.9,12,113.0,2,35.2,2,1416.9,12,-700.0,12,63.0,12,22.25869565217391,3,17.981967213114757,12,30,309.97999999999996,3.159629397995153,176.17713555490022,30,49.436666666666675,1.1956249333806435,30,-24.75,-0.837060786885003,30,-84.89666666666653,-3.0220652710466966,30,394.87666666666655,3.382669325337837,30,15.380000000000003,2.2305547449393597,30,-2.1208333333333407,-2.30122698368833,30,-1.752440976120969,-2.9102032246027627
1993,CRU-CY4.08,CRU-CY:Israel,460.30000000000007,12,58.800000000000004,2,32.9,2,1463.5,12,-1003.1999999999999,12,50.49999999999999,12,23.120652173913044,3,18.934794520547946,12,30,53.38000000000005,0.5441029010419428,113.11805760346016,30,-4.763333333333321,-0.11520113477182488,30,-27.050000000000004,-0.914848253949064,30,-38.296666666666624,-1.363245824298383,30,91.67666666666662,0.7853384977146156,30,2.8799999999999955,0.417685153798787,30,-1.258876811594206,-1.3659542418766712,30,-0.7996136686877797,-1.3278839679967567
1994,CRU-CY4.08,CRU-CY:Israel,363.3,12,45.2,2,66.10000000000001,2,1514.7,12,-1151.3999999999999,12,50.900000000000006,12,24.61413043478261,3,19.553972602739726,12,30,-43.620000000000005,-0.44461911846102525,89.28044824535534,30,-18.363333333333323,-0.4441169009503041,30,6.150000000000006,0.2079969228017282,30,12.903333333333421,0.4593197480946194,30,-56.52333333333331,-0.48420117462628587,30,3.2800000000000082,0.47569698071528715,30,0.23460144927535964,0.2545561581853885,30,-0.18043558649599944,-0.2996416043729287
1995,CRU-CY4.08,CRU-CY:Israel,493.6,12,205.9,2,48.7,2,1499.7,12,-1006.0999999999999,12,51.199999999999996,12,23.84021739130435,3,19.161369863013697,12,30,86.68,0.8835301510362601,121.3014843212425,30,142.33666666666667,3.442409836173343,30,-11.25,-0.38048217585681954,30,-2.0966666666665787,-0.07463500944239254,30,88.77666666666664,0.7604959535190111,30,3.5799999999999983,0.5192058509026595,30,-0.5393115942028999,-0.5851843111335229,30,-0.5730383262220293,-0.9516200588299889
1996,CRU-CY4.08,CRU-CY:Israel,388.2,12,75.4,2,108.5,2,1486.5,12,-1098.3,12,51.1,12,23.87173913043478,3,19.642622950819675,12,30,-18.720000000000027,-0.19081315675356267,95.39958714243586,30,11.83666666666668,0.28626957982837764,30,48.55,1.6419919678087633,30,-15.296666666666624,-0.5445151960749647,30,-3.423333333333403,-0.029325624010214418,30,3.480000000000004,0.5047028941735356,30,-0.5077898550724704,-0.5509813987595842,30,-0.09178523841605113,-0.15242379084320545
1997,CRU-CY4.08,CRU-CY:Israel,393.0,12,47.2,2,93.2,2,1469.9,12,-1076.9,12,53.0,12,22.705434782608698,3,18.88657534246575,12,30,-13.920000000000016,-0.14188670630393116,96.57918018283692,30,-16.363333333333323,-0.39574693533582184,30,33.25,1.124536208643489,30,-31.896666666666533,-1.1354251277492546,30,17.97666666666646,0.15399521936424665,30,5.380000000000003,0.7802590720269024,30,-1.6740942028985515,-1.8164891565955237,30,-0.8478328467699754,-1.4079594795002117
1998,CRU-CY4.08,CRU-CY:Israel,439.19999999999993,12,76.19999999999999,2,96.7,2,1499.1,12,-1059.9,12,56.00000000000001,12,23.948913043478257,3,20.069041095890412,12,30,32.279999999999916,0.3290303792737702,107.93276319669712,30,12.636666666666663,0.3056175660741701,30,36.75,1.242908441132277,30,-2.696666666666715,-0.09599319974387788,30,34.97666666666646,0.2996239267177914,30,8.38000000000001,1.2153477739006406,30,-0.430615942028993,-0.4672432339819969,30,0.3346329066546865,0.5557104503230015
1999,CRU-CY4.08,CRU-CY:Israel,249.9,12,13.7,2,52.400000000000006,2,1515.1,12,-1265.1999999999998,12,34.6,12,24.569565217391304,3,19.89780821917808,12,30,-157.02,-1.6005065103335667,61.412562665880266,30,-49.86333333333333,-1.2059438593783993,30,-7.549999999999997,-0.25534581579724325,30,13.303333333333285,0.47355854162893485,30,-170.32333333333327,-1.4590568744400145,30,-13.019999999999996,-1.8882849661320187,30,0.19003623188405427,0.20620031655325902,30,0.16340002994235547,0.2713513895863194
2000,CRU-CY4.08,CRU-CY:Israel,324.2,12,21.7,2,51.699999999999996,2,1511.1,12,-1186.8999999999999,12,37.800000000000004,12,24.18152173913044,3,19.301366120218578,12,30,-82.72000000000003,-0.8431658294153145,79.67167993708837,30,-41.86333333333333,-1.0124639969204705,30,-8.250000000000007,-0.2790202622950012,30,9.303333333333285,0.3311706062857317,30,-92.02333333333331,-0.7883081811586882,30,-9.819999999999993,-1.424190350800032,30,-0.198007246376811,-0.2148493288777081,30,-0.4330420690171479,-0.7191343062702747
2001,CRU-CY4.08,CRU-CY:Israel,394.1,12,74.8,2,27.799999999999997,2,1505.8,12,-1111.7,12,51.0,12,25.3,3,20.026301369863013,12,30,-12.819999999999993,-0.13067439474255707,96.84950358792882,30,11.236666666666672,0.2717585901440328,30,-32.150000000000006,-1.0873335070041557,30,4.00333333333333,0.14250659195598908,30,-16.823333333333494,-0.1441153109830093,30,3.3800000000000026,0.4901999374444109,30,0.920471014492751,0.99876435501156,30,0.2918931806272873,0.4847344287631234
2002,CRU-CY4.08,CRU-CY:Israel,517.5,12,75.8,2,85.5,2,1487.4,12,-969.9000000000001,12,52.9,12,24.040217391304346,3,19.878630136986303,12,30,110.57999999999998,1.1271431022333829,127.17487466823945,30,12.236666666666672,0.2959435729512739,30,25.549999999999997,0.8641172971681544,30,-14.396666666666533,-0.5124779106227407,30,124.97666666666646,1.0705994362365578,30,5.280000000000001,0.7657561152977775,30,-0.33931159420290413,-0.36817272917470734,30,0.14422194775057662,0.2395031747838147
2003,CRU-CY4.08,CRU-CY:Israel,581.8000000000001,12,45.300000000000004,2,119.8,2,1481.8,12,-900.0,12,56.2,12,23.89782608695652,3,19.823013698630135,12,30,174.88000000000005,1.7825536780482372,142.97650643861203,30,-18.26333333333332,-0.44169840266957994,30,59.849999999999994,2.02416517555828,30,-19.99666666666667,-0.71182102010323,30,194.87666666666655,1.6693904152961339,30,8.580000000000005,1.2443536873588892,30,-0.48170289855072923,-0.522675540243214,30,0.0886055093944087,0.14714335185653568
2004,CRU-CY4.08,CRU-CY:Israel,385.40000000000003,12,37.0,2,21.4,2,1495.9,12,-1110.5,12,46.5,12,24.56847826086956,3,19.645901639344263,12,30,-21.519999999999982,-0.21935358618251385,94.7114912022019,30,-26.563333333333325,-0.6424337599696813,30,-38.550000000000004,-1.3037855892693684,30,-5.896666666666533,-0.20990354801843394,30,-15.623333333333449,-0.1338356375227587,30,-1.1199999999999974,-0.16243311536619484,30,0.18894927536231165,0.2050209057817399,30,-0.08850654989146278,-0.14697901407369307
2005,CRU-CY4.08,CRU-CY:Israel,374.0,12,79.0,2,46.9,2,1493.8,12,-1119.8,12,44.7,12,24.127173913043475,3,19.526027397260275,12,30,-32.920000000000016,-0.3355539060003887,91.90995773124938,30,15.436666666666675,0.3733355179344455,30,-13.050000000000004,-0.4413593239939108,30,-7.99666666666667,-0.2846572140736205,30,-24.923333333333403,-0.2135031068396975,30,-2.9199999999999946,-0.4234863364904367,30,-0.2523550724637751,-0.2738198674534827,30,-0.20838079197545056,-0.346049003085153
2006,CRU-CY4.08,CRU-CY:Israel,352.9,12,49.8,2,83.5,2,1496.6999999999998,12,-1143.8,12,42.00000000000001,12,24.23260869565217,3,19.447123287671236,12,30,-54.02000000000004,-0.5506264277685602,86.72466332448639,30,-13.763333333333328,-0.3328659800369951,30,23.549999999999997,0.7964760214602754,30,-5.096666666666806,-0.181425960949803,30,-48.9233333333334,-0.4190965760447019,30,-5.61999999999999,-0.8150661681767996,30,-0.14692028985507832,-0.15941702261649474,30,-0.28728490156449027,-0.4770816582726121
2007,CRU-CY4.08,CRU-CY:Israel,344.4,12,61.800000000000004,2,54.7,2,1490.6999999999998,12,-1146.3000000000002,12,50.1,12,23.97717391304348,3,19.704109589041096,12,30,-62.52000000000004,-0.6372670171064492,84.63580064877617,30,-1.7633333333333212,-0.04264618635010154,30,-5.25,-0.17755834873318244,30,-11.096666666666806,-0.3950078639646078,30,-51.42333333333363,-0.44051256242022513,30,2.480000000000004,0.35967332688229,30,-0.4023550724637701,-0.4365785539225924,30,-0.030298600194630154,-0.050315579919010034
2008,CRU-CY4.08,CRU-CY:Israel,312.6,12,65.9,2,7.3,2,1550.8999999999999,12,-1238.3000000000002,12,37.1,12,25.992391304347827,3,19.935519125683058,12,30,-94.32,-0.9614047513352566,76.82099675611914,30,2.33666666666668,0.05651224315958707,30,-52.650000000000006,-1.7806565830099157,30,49.10333333333324,1.7479305629506017,30,-143.42333333333363,-1.2286208610394087,30,-10.519999999999996,-1.5257110479039044,30,1.6128623188405768,1.750049016466823,30,0.20111093644733202,0.33397626723349694
2009,CRU-CY4.08,CRU-CY:Israel,289.3,12,41.4,2,44.2,2,1496.3999999999999,12,-1207.1000000000001,12,36.20000000000001,12,23.823913043478264,3,19.853698630136986,12,30,-117.62,-1.1989018962261757,71.09505553917232,30,-22.163333333333327,-0.5360198356178204,30,-15.75,-0.5326750461995473,30,-5.396666666666761,-0.19210505610054163,30,-112.22333333333358,-0.9613493510729025,30,-11.419999999999987,-1.6562376584660243,30,-0.5556159420289859,-0.6028754727062517,30,0.11929044090125984,0.19810049554055148
2010,CRU-CY4.08,CRU-CY:Israel,377.2,12,85.2,2,12.0,2,1572.6000000000001,12,-1195.4,12,48.7,12,25.99891304347826,3,21.375068493150685,12,30,-29.720000000000027,-0.30293627236730125,92.69635309151676,30,21.636666666666677,0.5232824113393405,30,-47.95,-1.6216995850963998,30,70.80333333333351,2.5203851121874887,30,-100.52333333333354,-0.8611225348354625,30,1.0800000000000054,0.15663193267454617,30,1.6193840579710113,1.7571254810959147,30,1.6406603039149594,2.724573878373793
2011,CRU-CY4.08,CRU-CY:Israel,357.0,12,6.3,2,96.0,2,1518.1,12,-1161.1,12,47.800000000000004,12,23.76413043478261,3,19.37698630136986,12,30,-49.920000000000016,-0.5088350846761666,87.73223237982896,30,-57.26333333333333,-1.3849127321519836,30,36.05,1.2192339946345194,30,16.303333333333285,0.5803494931363372,30,-66.22333333333336,-0.5672952017633088,30,0.18000000000000682,0.02610532211242522,30,-0.6153985507246382,-0.6677430651395949,30,-0.3574218878658648,-0.5935551295503634
2012,CRU-CY4.08,CRU-CY:Israel,464.19999999999993,12,94.89999999999999,2,65.1,2,1508.0,12,-1043.8,12,40.9,12,24.380434782608695,3,20.103005464480873,12,30,57.279999999999916,0.5838556420322669,114.07647694878598,30,31.336666666666666,0.7578767445695791,30,5.1499999999999915,0.1741762849477882,30,6.203333333333376,0.22081995639475244,30,51.0766666666666,0.43754287897614974,30,-6.719999999999999,-0.9745986921971711,30,0.0009057971014456712,0.0009828423095921952,30,0.36859727524514696,0.612113613876244
2013,CRU-CY4.08,CRU-CY:Israel,453.9,12,99.0,2,26.4,2,1520.8,12,-1066.9,12,48.5,12,25.51086956521739,3,19.866575342465755,12,30,46.97999999999996,0.47886763377576674,111.54526688292539,30,35.436666666666675,0.8570351740792679,30,-33.550000000000004,-1.134682399999671,30,19.00333333333333,0.676461349493001,30,27.97666666666646,0.23965916486633182,30,0.8800000000000026,0.1276260192162966,30,1.131340579710141,1.227570044685532,30,0.1321671532300286,0.2194842969079524
2014,CRU-CY4.08,CRU-CY:Israel,307.90000000000003,12,22.0,2,64.2,2,1507.8,12,-1199.9,12,38.3,12,25.125,3,20.093698630136984,12,30,-99.01999999999998,-1.0093119007338538,75.66597857072644,30,-41.563333333333325,-1.005208502078298,30,4.25,0.14373771087924295,30,6.00333333333333,0.21370055962759066,30,-105.02333333333354,-0.8996713103114008,30,-9.32,-1.3516755671544103,30,0.7454710144927503,0.8088792207975916,30,0.3592904409012583,0.5966581550690773
2015,CRU-CY4.08,CRU-CY:Israel,484.1,12,138.4,2,57.7,2,1497.1999999999998,12,-1013.1,12,51.300000000000004,12,24.61195652173913,3,19.88109589041096,12,30,77.18,0.7866965511880314,118.96687309544873,30,74.83666666666667,1.8099234966845676,30,-2.25,-0.0760964351713639,30,-4.596666666666806,-0.16362746903190262,30,81.77666666666653,0.7005311916675506,30,3.680000000000007,0.5337088076317853,30,0.2324275362318815,0.252197336642358,30,0.14668770117523522,0.24359794525842463
2016,CRU-CY4.08,CRU-CY:Israel,355.59999999999997,12,94.69999999999999,2,57.400000000000006,2,1546.8999999999999,12,-1191.3,12,46.0,12,25.74891304347826,3,20.313114754098358,12,30,-51.32000000000005,-0.5231052993906427,87.38818440971198,30,31.136666666666663,0.7530397480081308,30,-2.549999999999997,-0.08624262652754566,30,45.10333333333324,1.6055426276073985,30,-96.4233333333334,-0.8260003171796064,30,-1.6199999999999974,-0.2349478990118177,30,1.3693840579710113,1.4858610036473894,30,0.5787065648626317,0.9610330585226875
2017,CRU-CY4.08,CRU-CY:Israel,338.0,12,27.1,2,39.5,2,1499.6,12,-1161.6000000000001,12,41.1,12,24.565217391304348,3,19.906027397260274,12,30,-68.92000000000002,-0.7025022843726241,83.06300992824141,30,-36.463333333333324,-0.8818650897613683,30,-20.450000000000003,-0.6916320441130631,30,-2.196666666666715,-0.07819470782597747,30,-66.72333333333358,-0.571578399038415,30,-6.519999999999996,-0.9455927787389216,30,0.185688405797098,0.20148267346719798,30,0.17161920802454844,0.28500062450168195
2018,CRU-CY4.08,CRU-CY:Israel,319.29999999999995,12,27.799999999999997,2,36.9,2,1529.9,12,-1210.6,12,42.9,12,26.23695652173913,3,20.66986301369863,12,30,-87.62000000000006,-0.8931115809159802,78.46751204167894,30,-35.76333333333333,-0.8649356017962996,30,-23.050000000000004,-0.7795657025333059,30,28.103333333333467,1.0003939023987931,30,-115.72333333333336,-0.9913317319986304,30,-4.719999999999999,-0.6845395576146797,30,1.8574275362318815,2.015416440057772,30,0.9354548244629051,1.5534695226358575
2019,CRU-CY4.08,CRU-CY:Israel,514.9000000000001,12,67.7,2,82.7,2,1484.8,12,-969.9000000000001,12,56.6,12,23.97826086956522,3,20.03835616438356,12,30,107.98000000000008,1.1006412749065,126.53592843802222,30,4.136666666666677,0.100045212212621,30,22.75,0.7694195111771239,30,-16.99666666666667,-0.6050300685958276,30,124.97666666666646,1.0705994362365578,30,8.980000000000004,1.3023655142753872,30,-0.40126811594203105,-0.43539914315107714,30,0.30394797514783534,0.5047533066389857
2020,CRU-CY4.08,CRU-CY:Israel,503.0,12,24.6,2,86.1,2,1508.2,12,-1005.1999999999999,12,53.6,12,24.106521739130432,3,20.1068306010929,12,30,96.07999999999998,0.9793444498334547,123.61152069202791,30,-38.963333333333324,-0.9423275467794711,30,26.14999999999999,0.884409679880518,30,6.403333333333421,0.22793935316191422,30,89.67666666666662,0.7682057086141987,30,5.980000000000004,0.86727681240165,30,-0.2730072463768174,-0.2962286721122726,30,0.3724224118571726,0.6184658534406849
2021,CRU-CY4.08,CRU-CY:Israel,406.70000000000005,12,131.8,2,29.4,2,1545.8,12,-1139.1,12,46.5,12,25.39782608695652,3,20.40876712328767,12,30,-0.21999999999997044,-0.0022424623122744704,99.94593531898163,30,68.23666666666668,1.6503026101567766,30,-30.550000000000004,-1.0332204864378522,30,44.00333333333333,1.566385945388021,30,-44.22333333333336,-0.3788345216587215,30,-1.1199999999999974,-0.16243311536619484,30,1.0182971014492708,1.1049113244479374,30,0.6743589340519449,1.1198788268245683
2022,CRU-CY4.08,CRU-CY:Israel,483.0,12,39.8,2,61.7,2,1481.1,12,-998.1,12,51.7,12,23.70108695652174,3,19.78958904109589,12,30,76.07999999999998,0.7754842396266572,118.69654969035682,30,-23.76333333333333,-0.5747158081094063,30,1.75,0.05918611624439415,30,-20.696666666666715,-0.7367389087882922,30,96.77666666666653,0.8290271099206783,30,4.080000000000005,0.5917206345482834,30,-0.6784420289855113,-0.7361488898874877,30,0.05518085186016464,0.09163646320074025
2023,CRU-CY4.08,CRU-CY:Israel,521.0,12,106.1,2,90.4,2,1512.3000000000002,12,-991.3000000000001,12,55.6,12,24.333695652173912,3,20.62767123287671,12,30,114.07999999999998,1.1628186390195723,128.0349945935319,30,42.53666666666667,1.0287485520106796,30,30.450000000000003,1.0298384226524584,30,10.503333333333558,0.3738869868887023,30,103.57666666666648,0.8872785928620959,30,7.980000000000004,1.1573359469841416,30,-0.04583333333333783,-0.04973182086556784,30,0.8932630436409852,1.4834034500703366
2024,CRU-CY4.08,CRU-CY:Israel,,3,89.3,2,,0,,3,,3,,3,,0,,0,30,,,,30,25.73666666666667,0.622440840849029,30,,,30,,,30,,,30,,,30,,,30,,
