year,month,precip_mm
1901,1,95.43
1901,2,8.78
1901,3,11.43
1901,4,5.3
1901,5,13.66
1901,6,0.06
1901,7,0.05
1901,8,0.05
1901,9,0.1
1901,10,3.6
1901,11,25.96
1901,12,70.28
1902,1,102.11
1902,2,29.92
1902,3,26.81
1902,4,23.29
1902,5,0.66
1902,6,0.05
1902,7,0.05
1902,8,0.05
1902,9,0.04
1902,10,7.92
1902,11,66.05
1902,12,66.76
1903,1,64.79
1903,2,51.84
1903,3,39.44
1903,4,4.03
1903,5,0.74
1903,6,0.11
1903,7,0.05
1903,8,0.05
1903,9,0.04
1903,10,3.86
1903,11,27.52
1903,12,48.05
1904,1,94.3
1904,2,51.05
1904,3,29.89
1904,4,27.33
1904,5,4.7
1904,6,0.14
1904,7,0.05
1904,8,0.05
1904,9,0.09
1904,10,13.31
1904,11,61.53
1904,12,138.76
1905,1,65.12
1905,2,53.92
1905,3,61.39
1905,4,23.3
1905,5,2.04
1905,6,0.08
1905,7,0.05
1905,8,0.05
1905,9,0.19
1905,10,9.23
1905,11,14.74
1905,12,121.31
1906,1,68.94
1906,2,53.11
1906,3,30.6
1906,4,30.2
1906,5,14.15
1906,6,0.17
1906,7,0.05
1906,8,0.05
1906,9,0.03
1906,10,13.63
1906,11,29.73
1906,12,36.3
1907,1,154.21
1907,2,61.93
1907,3,42.76
1907,4,9.59
1907,5,0.64
1907,6,0.05
1907,7,0.05
1907,8,0.05
1907,9,0.38
1907,10,8.3
1907,11,49.17
1907,12,54.0
1908,1,103.18
1908,2,60.95
1908,3,65.62
1908,4,26.82
1908,5,1.56
1908,6,0.22
1908,7,0.05
1908,8,0.05
1908,9,0.06
1908,10,1.92
1908,11,43.0
1908,12,64.93
1909,1,61.9
1909,2,30.29
1909,3,16.63
1909,4,37.46
1909,5,4.2
1909,6,0.07
1909,7,0.05
1909,8,0.05
1909,9,0.66
1909,10,22.52
1909,11,30.97
1909,12,39.56
1910,1,66.49
1910,2,22.82
1910,3,68.1
1910,4,18.07
1910,5,3.9
1910,6,0.11
1910,7,0.05
1910,8,0.05
1910,9,0.26
1910,10,9.66
1910,11,28.27
1910,12,37.89
1911,1,104.54
1911,2,88.27
1911,3,39.49
1911,4,32.65
1911,5,2.5
1911,6,0.05
1911,7,0.05
1911,8,0.05
1911,9,0.17
1911,10,11.38
1911,11,35.22
1911,12,120.56
1912,1,100.57
1912,2,53.63
1912,3,29.47
1912,4,11.66
1912,5,6.99
1912,6,0.05
1912,7,0.05
1912,8,0.05
1912,9,0.07
1912,10,21.1
1912,11,32.77
1912,12,92.14
1913,1,71.24
1913,2,73.1
1913,3,22.81
1913,4,11.63
1913,5,3.42
1913,6,0.07
1913,7,0.05
1913,8,0.05
1913,9,0.24
1913,10,19.61
1913,11,27.09
1913,12,77.72
1914,1,48.72
1914,2,23.51
1914,3,27.08
1914,4,36.29
1914,5,3.59
1914,6,0.17
1914,7,0.05
1914,8,0.05
1914,9,0.05
1914,10,4.57
1914,11,87.61
1914,12,66.43
1915,1,30.4
1915,2,39.56
1915,3,41.6
1915,4,18.62
1915,5,0.68
1915,6,0.06
1915,7,0.05
1915,8,0.05
1915,9,0.33
1915,10,3.24
1915,11,28.25
1915,12,27.18
1916,1,116.53
1916,2,67.47
1916,3,53.39
1916,4,24.48
1916,5,0.29
1916,6,0.05
1916,7,0.05
1916,8,0.05
1916,9,0.46
1916,10,2.18
1916,11,22.33
1916,12,85.04
1917,1,139.1
1917,2,75.76
1917,3,25.52
1917,4,3.24
1917,5,1.06
1917,6,0.05
1917,7,0.05
1917,8,0.05
1917,9,1.09
1917,10,5.25
1917,11,24.75
1917,12,86.25
1918,1,70.74
1918,2,69.27
1918,3,63.65
1918,4,15.09
1918,5,10.44
1918,6,0.06
1918,7,0.05
1918,8,0.05
1918,9,1.48
1918,10,36.95
1918,11,44.9
1918,12,85.66
1919,1,79.83
1919,2,59.29
1919,3,23.02
1919,4,13.09
1919,5,2.46
1919,6,0.06
1919,7,0.05
1919,8,0.05
1919,9,0.03
1919,10,2.97
1919,11,26.35
1919,12,94.22
1920,1,75.53
1920,2,113.13
1920,3,53.03
1920,4,17.72
1920,5,3.73
1920,6,0.07
1920,7,0.05
1920,8,0.08
1920,9,0.09
1920,10,5.05
1920,11,39.34
1920,12,69.01
1921,1,83.27
1921,2,66.81
1921,3,38.44
1921,4,8.33
1921,5,6.98
1921,6,0.32
1921,7,0.05
1921,8,0.07
1921,9,0.09
1921,10,0.89
1921,11,20.86
1921,12,112.1
1922,1,79.77
1922,2,78.31
1922,3,26.41
1922,4,3.13
1922,5,1.97
1922,6,0.0
1922,7,0.05
1922,8,0.05
1922,9,0.0
1922,10,0.45
1922,11,25.0
1922,12,74.97
1923,1,51.89
1923,2,65.72
1923,3,16.41
1923,4,16.64
1923,5,3.42
1923,6,0.02
1923,7,0.05
1923,8,0.05
1923,9,0.75
1923,10,24.38
1923,11,9.07
1923,12,59.12
1924,1,62.73
1924,2,91.03
1924,3,37.67
1924,4,0.73
1924,5,1.93
1924,6,0.09
1924,7,0.05
1924,8,0.05
1924,9,0.05
1924,10,16.46
1924,11,58.57
1924,12,59.89
1925,1,40.29
1925,2,22.06
1925,3,10.25
1925,4,40.11
1925,5,0.4
1925,6,0.59
1925,7,0.05
1925,8,0.05
1925,9,0.26
1925,10,4.45
1925,11,46.61
1925,12,40.01
1926,1,79.01
1926,2,64.62
1926,3,62.44
1926,4,14.11
1926,5,1.74
1926,6,0.0
1926,7,0.05
1926,8,0.05
1926,9,0.0
1926,10,0.61
1926,11,13.49
1926,12,61.95
1927,1,39.8
1927,2,130.8
1927,3,9.89
1927,4,29.48
1927,5,0.95
1927,6,0.0
1927,7,0.05
1927,8,0.05
1927,9,0.0
1927,10,11.18
1927,11,27.17
1927,12,36.1
1928,1,46.9
1928,2,108.56
1928,3,7.47
1928,4,0.76
1928,5,0.24
1928,6,0.0
1928,7,0.05
1928,8,0.05
1928,9,0.01
1928,10,1.74
1928,11,31.8
1928,12,68.73
1929,1,72.43
1929,2,55.66
1929,3,14.1
1929,4,35.85
1929,5,1.4
1929,6,0.12
1929,7,0.04
1929,8,0.05
1929,9,0.09
1929,10,1.54
1929,11,61.17
1929,12,67.17
1930,1,82.93
1930,2,54.43
1930,3,12.71
1930,4,24.34
1930,5,1.7
1930,6,0.0
1930,7,0.05
1930,8,0.05
1930,9,1.2
1930,10,1.15
1930,11,28.47
1930,12,58.28
1931,1,84.1
1931,2,61.04
1931,3,25.51
1931,4,11.42
1931,5,0.78
1931,6,0.14
1931,7,0.04
1931,8,0.05
1931,9,0.66
1931,10,4.01
1931,11,27.78
1931,12,86.52
1932,1,57.2
1932,2,64.28
1932,3,8.11
1932,4,8.21
1932,5,0.49
1932,6,0.0
1932,7,0.04
1932,8,0.04
1932,9,0.01
1932,10,7.49
1932,11,24.51
1932,12,8.95
1933,1,50.14
1933,2,32.37
1933,3,26.01
1933,4,14.16
1933,5,0.84
1933,6,0.01
1933,7,0.04
1933,8,0.04
1933,9,1.3
1933,10,3.88
1933,11,10.46
1933,12,30.97
1934,1,105.19
1934,2,75.41
1934,3,8.69
1934,4,9.4
1934,5,3.15
1934,6,0.01
1934,7,0.04
1934,8,0.04
1934,9,0.0
1934,10,3.35
1934,11,4.52
1934,12,94.13
1935,1,77.96
1935,2,99.88
1935,3,10.98
1935,4,13.68
1935,5,1.48
1935,6,0.0
1935,7,0.04
1935,8,0.05
1935,9,0.77
1935,10,21.45
1935,11,35.57
1935,12,22.55
1936,1,24.21
1936,2,64.58
1936,3,16.72
1936,4,8.22
1936,5,3.12
1936,6,0.0
1936,7,0.04
1936,8,0.04
1936,9,0.25
1936,10,1.0
1936,11,81.91
1936,12,85.73
1937,1,107.41
1937,2,16.56
1937,3,3.3
1937,4,29.21
1937,5,2.05
1937,6,0.05
1937,7,0.04
1937,8,0.04
1937,9,0.0
1937,10,24.63
1937,11,36.68
1937,12,24.43
1938,1,118.55
1938,2,81.89
1938,3,38.68
1938,4,5.28
1938,5,7.61
1938,6,0.0
1938,7,0.04
1938,8,0.0
1938,9,0.36
1938,10,1.04
1938,11,93.9
1938,12,45.16
1939,1,39.86
1939,2,78.64
1939,3,54.79
1939,4,10.11
1939,5,0.29
1939,6,0.08
1939,7,0.04
1939,8,0.01
1939,9,0.0
1939,10,3.91
1939,11,76.22
1939,12,44.48
1940,1,104.28
1940,2,26.5
1940,3,27.43
1940,4,24.36
1940,5,1.1
1940,6,0.01
1940,7,0.04
1940,8,0.0
1940,9,0.08
1940,10,11.77
1940,11,48.11
1940,12,76.86
1941,1,56.64
1941,2,31.21
1941,3,47.32
1941,4,5.03
1941,5,0.08
1941,6,0.0
1941,7,0.04
1941,8,0.0
1941,9,0.09
1941,10,3.79
1941,11,9.85
1941,12,156.74
1942,1,76.63
1942,2,49.61
1942,3,64.06
1942,4,1.51
1942,5,0.5
1942,6,0.02
1942,7,0.04
1942,8,0.01
1942,9,0.5
1942,10,33.17
1942,11,45.25
1942,12,23.43
1943,1,107.42
1943,2,52.13
1943,3,73.79
1943,4,35.65
1943,5,1.45
1943,6,0.0
1943,7,0.04
1943,8,0.0
1943,9,0.02
1943,10,10.2
1943,11,4.26
1943,12,35.42
1944,1,142.87
1944,2,30.34
1944,3,29.03
1944,4,9.61
1944,5,7.78
1944,6,0.0
1944,7,0.04
1944,8,0.0
1944,9,0.02
1944,10,1.2
1944,11,125.65
1944,12,109.87
1945,1,86.08
1945,2,73.66
1945,3,22.75
1945,4,7.07
1945,5,10.3
1945,6,0.01
1945,7,0.05
1945,8,0.0
1945,9,0.17
1945,10,1.26
1945,11,46.81
1945,12,65.59
1946,1,31.11
1946,2,84.97
1946,3,24.42
1946,4,0.98
1946,5,10.85
1946,6,0.0
1946,7,0.05
1946,8,0.0
1946,9,0.05
1946,10,2.56
1946,11,3.63
1946,12,35.17
1947,1,84.41
1947,2,13.38
1947,3,31.26
1947,4,7.92
1947,5,2.57
1947,6,0.02
1947,7,0.05
1947,8,0.0
1947,9,0.24
1947,10,1.82
1947,11,46.52
1947,12,24.19
1948,1,71.64
1948,2,66.77
1948,3,63.36
1948,4,15.06
1948,5,2.36
1948,6,0.0
1948,7,0.05
1948,8,0.0
1948,9,0.07
1948,10,1.29
1948,11,30.32
1948,12,69.08
1949,1,82.16
1949,2,95.47
1949,3,58.99
1949,4,40.42
1949,5,1.09
1949,6,0.0
1949,7,0.05
1949,8,0.0
1949,9,0.95
1949,10,0.18
1949,11,5.5
1949,12,109.21
1950,1,84.8
1950,2,62.48
1950,3,24.88
1950,4,8.75
1950,5,10.92
1950,6,0.01
1950,7,0.04
1950,8,0.0
1950,9,0.16
1950,10,10.65
1950,11,17.83
1950,12,24.25
1951,1,43.44
1951,2,54.93
1951,3,14.62
1951,4,11.79
1951,5,0.27
1951,6,0.01
1951,7,0.04
1951,8,0.0
1951,9,0.47
1951,10,5.92
1951,11,26.22
1951,12,154.47
1952,1,52.35
1952,2,71.45
1952,3,32.65
1952,4,4.26
1952,5,0.35
1952,6,0.0
1952,7,0.04
1952,8,0.0
1952,9,0.0
1952,10,8.48
1952,11,14.16
1952,12,27.31
1953,1,64.11
1953,2,72.4
1953,3,86.24
1953,4,7.17
1953,5,0.24
1953,6,0.01
1953,7,0.04
1953,8,0.0
1953,9,0.03
1953,10,0.84
1953,11,87.48
1953,12,74.66
1954,1,45.73
1954,2,81.85
1954,3,15.02
1954,4,23.74
1954,5,0.19
1954,6,0.0
1954,7,0.04
1954,8,0.0
1954,9,0.27
1954,10,1.99
1954,11,47.05
1954,12,91.02
1955,1,10.36
1955,2,16.79
1955,3,23.47
1955,4,9.24
1955,5,2.04
1955,6,0.0
1955,7,0.04
1955,8,0.0
1955,9,0.0
1955,10,3.91
1955,11,89.69
1955,12,83.41
1956,1,76.72
1956,2,25.31
1956,3,45.67
1956,4,12.19
1956,5,2.67
1956,6,0.0
1956,7,0.04
1956,8,0.0
1956,9,0.01
1956,10,0.68
1956,11,14.17
1956,12,62.17
1957,1,72.35
1957,2,64.5
1957,3,56.28
1957,4,16.18
1957,5,11.23
1957,6,0.02
1957,7,0.04
1957,8,0.0
1957,9,0.07
1957,10,5.03
1957,11,33.94
1957,12,72.52
1958,1,99.29
1958,2,8.36
1958,3,4.66
1958,4,5.59
1958,5,1.28
1958,6,0.11
1958,7,0.04
1958,8,0.0
1958,9,0.15
1958,10,4.45
1958,11,4.03
1958,12,17.43
1959,1,62.41
1959,2,84.56
1959,3,25.15
1959,4,4.87
1959,5,2.08
1959,6,0.01
1959,7,0.04
1959,8,0.0
1959,9,0.57
1959,10,1.83
1959,11,14.85
1959,12,17.3
1960,1,47.67
1960,2,9.98
1960,3,37.37
1960,4,9.3
1960,5,0.39
1960,6,0.0
1960,7,0.04
1960,8,0.0
1960,9,0.06
1960,10,0.55
1960,11,43.63
1960,12,22.35
1961,1,74.62
1961,2,72.47
1961,3,16.41
1961,4,14.59
1961,5,6.87
1961,6,0.01
1961,7,0.04
1961,8,0.0
1961,9,0.39
1961,10,6.9
1961,11,19.44
1961,12,120.94
1962,1,53.85
1962,2,46.82
1962,3,3.73
1962,4,11.92
1962,5,2.69
1962,6,0.0
1962,7,0.04
1962,8,0.0
1962,9,0.0
1962,10,8.82
1962,11,3.09
1962,12,56.48
1963,1,39.64
1963,2,50.99
1963,3,23.42
1963,4,13.46
1963,5,7.84
1963,6,0.04
1963,7,0.07
1963,8,0.0
1963,9,0.07
1963,10,20.42
1963,11,25.04
1963,12,99.03
1964,1,57.82
1964,2,90.26
1964,3,35.44
1964,4,8.84
1964,5,2.1
1964,6,0.0
1964,7,0.04
1964,8,0.0
1964,9,0.02
1964,10,1.4
1964,11,79.4
1964,12,66.45
1965,1,127.91
1965,2,33.32
1965,3,24.93
1965,4,26.3
1965,5,0.21
1965,6,0.02
1965,7,0.04
1965,8,0.01
1965,9,0.08
1965,10,27.08
1965,11,19.58
1965,12,41.09
1966,1,41.55
1966,2,38.56
1966,3,51.35
1966,4,0.53
1966,5,0.57
1966,6,0.0
1966,7,0.04
1966,8,0.0
1966,9,0.28
1966,10,21.07
1966,11,18.06
1966,12,122.29
1967,1,97.42
1967,2,44.17
1967,3,73.29
1967,4,3.53
1967,5,9.32
1967,6,0.0
1967,7,0.04
1967,8,0.0
1967,9,0.06
1967,10,17.63
1967,11,49.45
1967,12,50.09
1968,1,98.17
1968,2,25.14
1968,3,15.99
1968,4,24.33
1968,5,4.26
1968,6,0.0
1968,7,0.04
1968,8,0.01
1968,9,0.08
1968,10,13.47
1968,11,33.25
1968,12,90.87
1969,1,116.89
1969,2,14.95
1969,3,71.11
1969,4,13.03
1969,5,1.3
1969,6,0.0
1969,7,0.04
1969,8,0.0
1969,9,0.12
1969,10,15.87
1969,11,30.65
1969,12,33.13
1970,1,76.66
1970,2,23.23
1970,3,54.27
1970,4,15.37
1970,5,1.82
1970,6,0.0
1970,7,0.04
1970,8,0.09
1970,9,0.31
1970,10,8.26
1970,11,22.07
1970,12,54.45
1971,1,52.06
1971,2,58.69
1971,3,25.09
1971,4,78.69
1971,5,0.21
1971,6,0.14
1971,7,0.04
1971,8,0.04
1971,9,0.06
1971,10,4.25
1971,11,30.12
1971,12,110.23
1972,1,41.13
1972,2,59.4
1972,3,45.22
1972,4,20.65
1972,5,2.24
1972,6,0.23
1972,7,0.06
1972,8,0.0
1972,9,0.14
1972,10,4.29
1972,11,34.64
1972,12,27.18
1973,1,74.06
1973,2,11.17
1973,3,36.08
1973,4,6.17
1973,5,4.35
1973,6,0.05
1973,7,0.04
1973,8,0.0
1973,9,0.0
1973,10,6.09
1973,11,50.13
1973,12,22.74
1974,1,189.1
1974,2,63.79
1974,3,32.45
1974,4,25.01
1974,5,0.02
1974,6,0.0
1974,7,0.04
1974,8,0.0
1974,9,0.02
1974,10,1.52
1974,11,30.46
1974,12,73.43
1975,1,32.26
1975,2,96.79
1975,3,24.4
1975,4,6.03
1975,5,0.17
1975,6,0.0
1975,7,0.04
1975,8,0.0
1975,9,0.84
1975,10,2.11
1975,11,28.93
1975,12,55.22
1976,1,32.65
1976,2,55.86
1976,3,41.75
1976,4,17.89
1976,5,5.85
1976,6,0.3
1976,7,0.05
1976,8,0.0
1976,9,0.26
1976,10,11.57
1976,11,42.32
1976,12,27.69
1977,1,68.43
1977,2,24.72
1977,3,41.6
1977,4,50.74
1977,5,1.8
1977,6,0.06
1977,7,0.04
1977,8,0.0
1977,9,0.29
1977,10,26.9
1977,11,14.7
1977,12,102.77
1978,1,53.61
1978,2,33.0
1978,3,40.41
1978,4,7.02
1978,5,0.15
1978,6,0.59
1978,7,0.04
1978,8,0.0
1978,9,0.02
1978,10,17.31
1978,11,7.21
1978,12,65.28
1979,1,42.63
1979,2,20.27
1979,3,31.88
1979,4,3.98
1979,5,2.47
1979,6,0.05
1979,7,0.05
1979,8,0.01
1979,9,0.05
1979,10,29.93
1979,11,75.74
1979,12,114.0
1980,1,63.26
1980,2,81.25
1980,3,45.23
1980,4,14.54
1980,5,0.55
1980,6,0.0
1980,7,0.04
1980,8,0.01
1980,9,0.0
1980,10,12.51
1980,11,8.52
1980,12,114.06
1981,1,90.99
1981,2,43.7
1981,3,28.62
1981,4,11.22
1981,5,0.43
1981,6,0.04
1981,7,0.04
1981,8,0.12
1981,9,0.34
1981,10,2.36
1981,11,39.98
1981,12,16.3
1982,1,55.92
1982,2,71.05
1982,3,42.0
1982,4,9.13
1982,5,4.96
1982,6,0.0
1982,7,0.05
1982,8,0.0
1982,9,0.89
1982,10,3.89
1982,11,61.7
1982,12,47.28
1983,1,96.34
1983,2,87.56
1983,3,55.84
1983,4,6.9
1983,5,2.7
1983,6,0.14
1983,7,0.04
1983,8,0.0
1983,9,0.02
1983,10,2.26
1983,11,33.78
1983,12,18.27
1984,1,68.47
1984,2,20.63
1984,3,54.06
1984,4,23.21
1984,5,0.0
1984,6,0.01
1984,7,0.08
1984,8,0.0
1984,9,0.0
1984,10,14.37
1984,11,24.14
1984,12,35.34
1985,1,36.06
1985,2,106.7
1985,3,19.95
1985,4,20.57
1985,5,2.13
1985,6,0.0
1985,7,0.04
1985,8,0.0
1985,9,0.21
1985,10,14.54
1985,11,11.62
1985,12,48.0
1986,1,45.57
1986,2,61.82
1986,3,9.25
1986,4,17.84
1986,5,11.5
1986,6,0.24
1986,7,0.04
1986,8,0.0
1986,9,0.81
1986,10,21.74
1986,11,131.14
1986,12,58.24
1987,1,48.44
1987,2,27.86
1987,3,45.98
1987,4,2.42
1987,5,0.11
1987,6,0.0
1987,7,0.04
1987,8,0.19
1987,9,0.0
1987,10,28.0
1987,11,15.29
1987,12,96.71
1988,1,84.35
1988,2,99.77
1988,3,41.46
1988,4,7.85
1988,5,0.3
1988,6,0.02
1988,7,0.05
1988,8,0.0
1988,9,0.04
1988,10,8.5
1988,11,28.24
1988,12,98.55
1989,1,46.79
1989,2,30.03
1989,3,42.04
1989,4,0.71
1989,5,0.15
1989,6,0.02
1989,7,0.04
1989,8,0.0
1989,9,0.02
1989,10,10.49
1989,11,41.93
1989,12,43.72
1990,1,76.78
1990,2,41.72
1990,3,38.31
1990,4,23.86
1990,5,1.37
1990,6,0.0
1990,7,0.05
1990,8,0.01
1990,9,0.0
1990,10,6.59
1990,11,13.75
1990,12,9.16
1991,1,97.89
1991,2,40.68
1991,3,59.4
1991,4,10.57
1991,5,2.01
1991,6,0.0
1991,7,0.06
1991,8,0.0
1991,9,0.48
1991,10,8.72
1991,11,61.3
1991,12,152.87
1992,1,108.63
1992,2,109.66
1992,3,18.05
1992,4,4.39
1992,5,4.52
1992,6,0.66
1992,7,0.05
1992,8,0.01
1992,9,0.09
1992,10,0.43
1992,11,35.01
1992,12,117.77
1993,1,63.53
1993,2,57.08
1993,3,18.59
1993,4,0.73
1993,5,6.78
1993,6,0.03
1993,7,0.04
1993,8,0.0
1993,9,0.0
1993,10,10.84
1993,11,17.99
1993,12,41.02
1994,1,80.28
1994,2,47.86
1994,3,36.37
1994,4,6.45
1994,5,3.29
1994,6,0.0
1994,7,0.04
1994,8,0.0
1994,9,0.16
1994,10,13.92
1994,11,127.49
1994,12,91.78
1995,1,17.57
1995,2,48.62
1995,3,20.14
1995,4,12.14
1995,5,1.07
1995,6,0.0
1995,7,0.04
1995,8,0.0
1995,9,0.0
1995,10,0.7
1995,11,43.6
1995,12,21.53
1996,1,86.36
1996,2,23.63
1996,3,58.23
1996,4,12.18
1996,5,0.08
1996,6,0.0
1996,7,0.04
1996,8,0.0
1996,9,0.39
1996,10,17.16
1996,11,12.05
1996,12,33.04
1997,1,58.82
1997,2,70.84
1997,3,54.09
1997,4,8.58
1997,5,4.02
1997,6,0.12
1997,7,0.04
1997,8,0.0
1997,9,0.64
1997,10,18.72
1997,11,30.37
1997,12,62.78
1998,1,62.33
1998,2,43.89
1998,3,57.81
1998,4,6.08
1998,5,5.66
1998,6,0.0
1998,7,0.04
1998,8,0.0
1998,9,0.22
1998,10,1.31
1998,11,5.54
1998,12,30.99
1999,1,43.94
1999,2,40.47
1999,3,21.0
1999,4,8.21
1999,5,0.0
1999,6,0.01
1999,7,0.04
1999,8,0.0
1999,9,0.13
1999,10,4.29
1999,11,7.8
1999,12,13.21
2000,1,120.25
2000,2,24.03
2000,3,29.32
2000,4,3.14
2000,5,0.14
2000,6,0.0
2000,7,0.04
2000,8,0.02
2000,9,0.43
2000,10,32.53
2000,11,19.15
2000,12,81.3
2001,1,50.77
2001,2,51.67
2001,3,12.02
2001,4,10.11
2001,5,6.35
2001,6,0.0
2001,7,0.04
2001,8,0.02
2001,9,0.03
2001,10,10.0
2001,11,34.9
2001,12,72.09
2002,1,117.51
2002,2,41.83
2002,3,29.46
2002,4,22.31
2002,5,2.19
2002,6,0.0
2002,7,0.04
2002,8,0.02
2002,9,0.18
2002,10,10.38
2002,11,20.49
2002,12,84.17
2003,1,53.68
2003,2,119.51
2003,3,71.84
2003,4,8.31
2003,5,0.17
2003,6,0.06
2003,7,0.04
2003,8,0.02
2003,9,0.07
2003,10,0.96
2003,11,20.3
2003,12,70.96
2004,1,88.1
2004,2,43.77
2004,3,11.34
2004,4,2.9
2004,5,1.8
2004,6,0.03
2004,7,0.05
2004,8,0.02
2004,9,0.05
2004,10,1.39
2004,11,46.01
2004,12,39.63
2005,1,69.17
2005,2,50.83
2005,3,23.37
2005,4,9.56
2005,5,1.13
2005,6,0.15
2005,7,0.04
2005,8,0.02
2005,9,0.29
2005,10,5.28
2005,11,23.54
2005,12,45.85
2006,1,58.3
2006,2,36.54
2006,3,8.88
2006,4,52.23
2006,5,0.08
2006,6,0.01
2006,7,0.05
2006,8,0.02
2006,9,0.07
2006,10,25.16
2006,11,11.48
2006,12,42.25
2007,1,49.62
2007,2,52.73
2007,3,28.15
2007,4,9.65
2007,5,4.3
2007,6,0.01
2007,7,0.04
2007,8,0.0
2007,9,0.01
2007,10,2.54
2007,11,39.3
2007,12,32.26
2008,1,82.61
2008,2,45.65
2008,3,3.43
2008,4,0.88
2008,5,1.74
2008,6,0.0
2008,7,0.04
2008,8,0.01
2008,9,1.02
2008,10,17.89
2008,11,7.84
2008,12,38.18
2009,1,16.39
2009,2,66.94
2009,3,22.73
2009,4,2.35
2009,5,0.26
2009,6,0.01
2009,7,0.04
2009,8,0.0
2009,9,0.31
2009,10,18.0
2009,11,31.54
2009,12,49.37
2010,1,53.51
2010,2,70.74
2010,3,7.69
2010,4,1.15
2010,5,1.05
2010,6,0.06
2010,7,0.04
2010,8,0.0
2010,9,0.22
2010,10,3.55
2010,11,0.49
2010,12,51.85
2011,1,48.15
2011,2,55.06
2011,3,35.62
2011,4,27.38
2011,5,3.26
2011,6,0.08
2011,7,0.04
2011,8,0.01
2011,9,0.9
2011,10,2.72
2011,11,52.96
2011,12,28.15
2012,1,92.17
2012,2,52.92
2012,3,40.77
2012,4,0.98
2012,5,1.92
2012,6,0.03
2012,7,0.04
2012,8,0.0
2012,9,0.16
2012,10,6.66
2012,11,62.6
2012,12,47.64
2013,1,113.86
2013,2,49.71
2013,3,2.19
2013,4,14.85
2013,5,3.5
2013,6,0.0
2013,7,0.05
2013,8,0.03
2013,9,0.45
2013,10,1.98
2013,11,11.6
2013,12,87.45
2014,1,33.97
2014,2,24.44
2014,3,50.71
2014,4,0.41
2014,5,11.92
2014,6,0.02
2014,7,0.05
2014,8,0.0
2014,9,0.49
2014,10,13.6
2014,11,71.26
2014,12,51.24
2015,1,84.28
2015,2,42.12
2015,3,17.12
2015,4,19.48
2015,5,0.17
2015,6,0.01
2015,7,0.05
2015,8,0.03
2015,9,0.01
2015,10,31.44
2015,11,31.66
2015,12,42.65
2016,1,45.65
2016,2,30.36
2016,3,27.31
2016,4,12.26
2016,5,2.0
2016,6,0.0
2016,7,0.05
2016,8,0.01
2016,9,0.01
2016,10,21.16
2016,11,4.37
2016,12,107.18
2017,1,24.78
2017,2,43.18
2017,3,12.78
2017,4,10.41
2017,5,0.88
2017,6,0.02
2017,7,0.05
2017,8,0.03
2017,9,0.0
2017,10,3.93
2017,11,10.67
2017,12,17.05
2018,1,81.58
2018,2,59.07
2018,3,3.68
2018,4,28.78
2018,5,5.25
2018,6,0.04
2018,7,0.05
2018,8,0.0
2018,9,0.01
2018,10,15.06
2018,11,31.25
2018,12,85.83
2019,1,65.59
2019,2,78.69
2019,3,35.99
2019,4,12.37
2019,5,0.01
2019,6,0.07
2019,7,0.05
2019,8,0.0
2019,9,0.11
2019,10,13.24
2019,11,2.79
2019,12,66.91
2020,1,117.95
2020,2,63.02
2020,3,39.03
2020,4,11.31
2020,5,5.41
2020,6,0.01
2020,7,0.05
2020,8,0.0
2020,9,0.0
2020,10,0.07
2020,11,84.99
2020,12,50.52
2021,1,51.26
2021,2,55.86
2021,3,12.53
2021,4,5.01
2021,5,0.06
2021,6,0.0
2021,7,0.05
2021,8,0.0
2021,9,0.01
2021,10,1.37
2021,11,26.87
2021,12,90.79
2022,1,116.26
2022,2,48.28
2022,3,35.67
2022,4,0.16
2022,5,0.21
2022,6,0.01
2022,7,0.05
2022,8,0.03
2022,9,0.01
2022,10,11.99
2022,11,65.49
2022,12,59.35
2023,1,107.69
2023,2,46.24
2023,3,20.31
2023,4,38.47
2023,5,6.4
2023,6,0.02
2023,7,0.05
2023,8,0.03
2023,9,0.08
2023,10,4.94
2023,11,52.34
2023,12,57.78
