year,indicator,label,value,unit,source_status,source_url,fetched_at,source_last_updated,provisional_status,interpolated_locally
2001,AG.LND.IRIG.AG.ZS,Agricultural irrigated land (% of total agricultural land),31.5508021390374,percent,,https://api.worldbank.org/v2/country/ISR/indicator/AG.LND.IRIG.AG.ZS?format=json&per_page=200,2026-09-06T13:16:11.787461+00:00,2026-07-13,source does not distinguish annual measurement from estimate,False
2002,AG.LND.IRIG.AG.ZS,Agricultural irrigated land (% of total agricultural land),30.9058614564831,percent,,https://api.worldbank.org/v2/country/ISR/indicator/AG.LND.IRIG.AG.ZS?format=json&per_page=200,2026-09-06T13:16:11.787461+00:00,2026-07-13,source does not distinguish annual measurement from estimate,False
2006,AG.LND.IRIG.AG.ZS,Agricultural irrigated land (% of total agricultural land),35.6721698113208,percent,,https://api.worldbank.org/v2/country/ISR/indicator/AG.LND.IRIG.AG.ZS?format=json&per_page=200,2026-09-06T13:16:11.787461+00:00,2026-07-13,source does not distinguish annual measurement from estimate,False
2007,AG.LND.IRIG.AG.ZS,Agricultural irrigated land (% of total agricultural land),30.0135109052306,percent,,https://api.worldbank.org/v2/country/ISR/indicator/AG.LND.IRIG.AG.ZS?format=json&per_page=200,2026-09-06T13:16:11.787461+00:00,2026-07-13,source does not distinguish annual measurement from estimate,False
2009,AG.LND.IRIG.AG.ZS,Agricultural irrigated land (% of total agricultural land),28.3773440489858,percent,,https://api.worldbank.org/v2/country/ISR/indicator/AG.LND.IRIG.AG.ZS?format=json&per_page=200,2026-09-06T13:16:11.787461+00:00,2026-07-13,source does not distinguish annual measurement from estimate,False
2010,AG.LND.IRIG.AG.ZS,Agricultural irrigated land (% of total agricultural land),32.5867195242815,percent,,https://api.worldbank.org/v2/country/ISR/indicator/AG.LND.IRIG.AG.ZS?format=json&per_page=200,2026-09-06T13:16:11.787461+00:00,2026-07-13,source does not distinguish annual measurement from estimate,False
2013,AG.LND.IRIG.AG.ZS,Agricultural irrigated land (% of total agricultural land),31.8854507015184,percent,,https://api.worldbank.org/v2/country/ISR/indicator/AG.LND.IRIG.AG.ZS?format=json&per_page=200,2026-09-06T13:16:11.787461+00:00,2026-07-13,source does not distinguish annual measurement from estimate,False
2014,AG.LND.IRIG.AG.ZS,Agricultural irrigated land (% of total agricultural land),38.4787055979171,percent,,https://api.worldbank.org/v2/country/ISR/indicator/AG.LND.IRIG.AG.ZS?format=json&per_page=200,2026-09-06T13:16:11.787461+00:00,2026-07-13,source does not distinguish annual measurement from estimate,False
2015,AG.LND.IRIG.AG.ZS,Agricultural irrigated land (% of total agricultural land),38.73384528938,percent,,https://api.worldbank.org/v2/country/ISR/indicator/AG.LND.IRIG.AG.ZS?format=json&per_page=200,2026-09-06T13:16:11.787461+00:00,2026-07-13,source does not distinguish annual measurement from estimate,False
2016,AG.LND.IRIG.AG.ZS,Agricultural irrigated land (% of total agricultural land),55.4347826086957,percent,,https://api.worldbank.org/v2/country/ISR/indicator/AG.LND.IRIG.AG.ZS?format=json&per_page=200,2026-09-06T13:16:11.787461+00:00,2026-07-13,source does not distinguish annual measurement from estimate,False
2017,AG.LND.IRIG.AG.ZS,Agricultural irrigated land (% of total agricultural land),37.2049689440994,percent,,https://api.worldbank.org/v2/country/ISR/indicator/AG.LND.IRIG.AG.ZS?format=json&per_page=200,2026-09-06T13:16:11.787461+00:00,2026-07-13,source does not distinguish annual measurement from estimate,False
2018,AG.LND.IRIG.AG.ZS,Agricultural irrigated land (% of total agricultural land),34.0714174333385,percent,,https://api.worldbank.org/v2/country/ISR/indicator/AG.LND.IRIG.AG.ZS?format=json&per_page=200,2026-09-06T13:16:11.787461+00:00,2026-07-13,source does not distinguish annual measurement from estimate,False
2019,AG.LND.IRIG.AG.ZS,Agricultural irrigated land (% of total agricultural land),33.5996240601504,percent,,https://api.worldbank.org/v2/country/ISR/indicator/AG.LND.IRIG.AG.ZS?format=json&per_page=200,2026-09-06T13:16:11.787461+00:00,2026-07-13,source does not distinguish annual measurement from estimate,False
2020,AG.LND.IRIG.AG.ZS,Agricultural irrigated land (% of total agricultural land),39.8486526393503,percent,,https://api.worldbank.org/v2/country/ISR/indicator/AG.LND.IRIG.AG.ZS?format=json&per_page=200,2026-09-06T13:16:11.787461+00:00,2026-07-13,source does not distinguish annual measurement from estimate,False
2021,AG.LND.IRIG.AG.ZS,Agricultural irrigated land (% of total agricultural land),37.3654916512059,percent,,https://api.worldbank.org/v2/country/ISR/indicator/AG.LND.IRIG.AG.ZS?format=json&per_page=200,2026-09-06T13:16:11.787461+00:00,2026-07-13,source does not distinguish annual measurement from estimate,False
2022,AG.LND.IRIG.AG.ZS,Agricultural irrigated land (% of total agricultural land),36.0456416011972,percent,,https://api.worldbank.org/v2/country/ISR/indicator/AG.LND.IRIG.AG.ZS?format=json&per_page=200,2026-09-06T13:16:11.787461+00:00,2026-07-13,source does not distinguish annual measurement from estimate,False
2023,AG.LND.IRIG.AG.ZS,Agricultural irrigated land (% of total agricultural land),36.1058319359046,percent,,https://api.worldbank.org/v2/country/ISR/indicator/AG.LND.IRIG.AG.ZS?format=json&per_page=200,2026-09-06T13:16:11.787461+00:00,2026-07-13,source does not distinguish annual measurement from estimate,False
1970,ER.H2O.FWAG.ZS,"Annual freshwater withdrawals, agriculture (% of total freshwater withdrawal)",79.8593350384,percent,,https://api.worldbank.org/v2/country/ISR/indicator/ER.H2O.FWAG.ZS?format=json&per_page=200,2026-09-06T13:16:11.787461+00:00,2026-07-13,source does not distinguish annual measurement from estimate,False
1971,ER.H2O.FWAG.ZS,"Annual freshwater withdrawals, agriculture (% of total freshwater withdrawal)",79.0821501014,percent,,https://api.worldbank.org/v2/country/ISR/indicator/ER.H2O.FWAG.ZS?format=json&per_page=200,2026-09-06T13:16:11.787461+00:00,2026-07-13,source does not distinguish annual measurement from estimate,False
1972,ER.H2O.FWAG.ZS,"Annual freshwater withdrawals, agriculture (% of total freshwater withdrawal)",78.3182503771,percent,,https://api.worldbank.org/v2/country/ISR/indicator/ER.H2O.FWAG.ZS?format=json&per_page=200,2026-09-06T13:16:11.787461+00:00,2026-07-13,source does not distinguish annual measurement from estimate,False
1973,ER.H2O.FWAG.ZS,"Annual freshwater withdrawals, agriculture (% of total freshwater withdrawal)",77.5672981057,percent,,https://api.worldbank.org/v2/country/ISR/indicator/ER.H2O.FWAG.ZS?format=json&per_page=200,2026-09-06T13:16:11.787461+00:00,2026-07-13,source does not distinguish annual measurement from estimate,False
1974,ER.H2O.FWAG.ZS,"Annual freshwater withdrawals, agriculture (% of total freshwater withdrawal)",76.8289668809,percent,,https://api.worldbank.org/v2/country/ISR/indicator/ER.H2O.FWAG.ZS?format=json&per_page=200,2026-09-06T13:16:11.787461+00:00,2026-07-13,source does not distinguish annual measurement from estimate,False
1975,ER.H2O.FWAG.ZS,"Annual freshwater withdrawals, agriculture (% of total freshwater withdrawal)",76.1029411765,percent,,https://api.worldbank.org/v2/country/ISR/indicator/ER.H2O.FWAG.ZS?format=json&per_page=200,2026-09-06T13:16:11.787461+00:00,2026-07-13,source does not distinguish annual measurement from estimate,False
1976,ER.H2O.FWAG.ZS,"Annual freshwater withdrawals, agriculture (% of total freshwater withdrawal)",75.3889158969,percent,,https://api.worldbank.org/v2/country/ISR/indicator/ER.H2O.FWAG.ZS?format=json&per_page=200,2026-09-06T13:16:11.787461+00:00,2026-07-13,source does not distinguish annual measurement from estimate,False
1977,ER.H2O.FWAG.ZS,"Annual freshwater withdrawals, agriculture (% of total freshwater withdrawal)",74.6865959499,percent,,https://api.worldbank.org/v2/country/ISR/indicator/ER.H2O.FWAG.ZS?format=json&per_page=200,2026-09-06T13:16:11.787461+00:00,2026-07-13,source does not distinguish annual measurement from estimate,False
1978,ER.H2O.FWAG.ZS,"Annual freshwater withdrawals, agriculture (% of total freshwater withdrawal)",73.9956958393,percent,,https://api.worldbank.org/v2/country/ISR/indicator/ER.H2O.FWAG.ZS?format=json&per_page=200,2026-09-06T13:16:11.787461+00:00,2026-07-13,source does not distinguish annual measurement from estimate,False
1979,ER.H2O.FWAG.ZS,"Annual freshwater withdrawals, agriculture (% of total freshwater withdrawal)",73.3159392789,percent,,https://api.worldbank.org/v2/country/ISR/indicator/ER.H2O.FWAG.ZS?format=json&per_page=200,2026-09-06T13:16:11.787461+00:00,2026-07-13,source does not distinguish annual measurement from estimate,False
1980,ER.H2O.FWAG.ZS,"Annual freshwater withdrawals, agriculture (% of total freshwater withdrawal)",72.6470588235,percent,,https://api.worldbank.org/v2/country/ISR/indicator/ER.H2O.FWAG.ZS?format=json&per_page=200,2026-09-06T13:16:11.787461+00:00,2026-07-13,source does not distinguish annual measurement from estimate,False
1981,ER.H2O.FWAG.ZS,"Annual freshwater withdrawals, agriculture (% of total freshwater withdrawal)",72.6470588235,percent,,https://api.worldbank.org/v2/country/ISR/indicator/ER.H2O.FWAG.ZS?format=json&per_page=200,2026-09-06T13:16:11.787461+00:00,2026-07-13,source does not distinguish annual measurement from estimate,False
1982,ER.H2O.FWAG.ZS,"Annual freshwater withdrawals, agriculture (% of total freshwater withdrawal)",72.6470588235,percent,,https://api.worldbank.org/v2/country/ISR/indicator/ER.H2O.FWAG.ZS?format=json&per_page=200,2026-09-06T13:16:11.787461+00:00,2026-07-13,source does not distinguish annual measurement from estimate,False
1983,ER.H2O.FWAG.ZS,"Annual freshwater withdrawals, agriculture (% of total freshwater withdrawal)",72.6470588235,percent,,https://api.worldbank.org/v2/country/ISR/indicator/ER.H2O.FWAG.ZS?format=json&per_page=200,2026-09-06T13:16:11.787461+00:00,2026-07-13,source does not distinguish annual measurement from estimate,False
1984,ER.H2O.FWAG.ZS,"Annual freshwater withdrawals, agriculture (% of total freshwater withdrawal)",72.6470588235,percent,,https://api.worldbank.org/v2/country/ISR/indicator/ER.H2O.FWAG.ZS?format=json&per_page=200,2026-09-06T13:16:11.787461+00:00,2026-07-13,source does not distinguish annual measurement from estimate,False
1985,ER.H2O.FWAG.ZS,"Annual freshwater withdrawals, agriculture (% of total freshwater withdrawal)",72.6470588235,percent,,https://api.worldbank.org/v2/country/ISR/indicator/ER.H2O.FWAG.ZS?format=json&per_page=200,2026-09-06T13:16:11.787461+00:00,2026-07-13,source does not distinguish annual measurement from estimate,False
1986,ER.H2O.FWAG.ZS,"Annual freshwater withdrawals, agriculture (% of total freshwater withdrawal)",72.6470588235,percent,,https://api.worldbank.org/v2/country/ISR/indicator/ER.H2O.FWAG.ZS?format=json&per_page=200,2026-09-06T13:16:11.787461+00:00,2026-07-13,source does not distinguish annual measurement from estimate,False
1987,ER.H2O.FWAG.ZS,"Annual freshwater withdrawals, agriculture (% of total freshwater withdrawal)",71.3870249592,percent,,https://api.worldbank.org/v2/country/ISR/indicator/ER.H2O.FWAG.ZS?format=json&per_page=200,2026-09-06T13:16:11.787461+00:00,2026-07-13,source does not distinguish annual measurement from estimate,False
1988,ER.H2O.FWAG.ZS,"Annual freshwater withdrawals, agriculture (% of total freshwater withdrawal)",70.0943336298,percent,,https://api.worldbank.org/v2/country/ISR/indicator/ER.H2O.FWAG.ZS?format=json&per_page=200,2026-09-06T13:16:11.787461+00:00,2026-07-13,source does not distinguish annual measurement from estimate,False
1989,ER.H2O.FWAG.ZS,"Annual freshwater withdrawals, agriculture (% of total freshwater withdrawal)",68.7676985455,percent,,https://api.worldbank.org/v2/country/ISR/indicator/ER.H2O.FWAG.ZS?format=json&per_page=200,2026-09-06T13:16:11.787461+00:00,2026-07-13,source does not distinguish annual measurement from estimate,False
1990,ER.H2O.FWAG.ZS,"Annual freshwater withdrawals, agriculture (% of total freshwater withdrawal)",67.4057649667,percent,,https://api.worldbank.org/v2/country/ISR/indicator/ER.H2O.FWAG.ZS?format=json&per_page=200,2026-09-06T13:16:11.787461+00:00,2026-07-13,source does not distinguish annual measurement from estimate,False
1991,ER.H2O.FWAG.ZS,"Annual freshwater withdrawals, agriculture (% of total freshwater withdrawal)",67.4057649667,percent,,https://api.worldbank.org/v2/country/ISR/indicator/ER.H2O.FWAG.ZS?format=json&per_page=200,2026-09-06T13:16:11.787461+00:00,2026-07-13,source does not distinguish annual measurement from estimate,False
1992,ER.H2O.FWAG.ZS,"Annual freshwater withdrawals, agriculture (% of total freshwater withdrawal)",67.4057649667,percent,,https://api.worldbank.org/v2/country/ISR/indicator/ER.H2O.FWAG.ZS?format=json&per_page=200,2026-09-06T13:16:11.787461+00:00,2026-07-13,source does not distinguish annual measurement from estimate,False
1993,ER.H2O.FWAG.ZS,"Annual freshwater withdrawals, agriculture (% of total freshwater withdrawal)",67.4057649667,percent,,https://api.worldbank.org/v2/country/ISR/indicator/ER.H2O.FWAG.ZS?format=json&per_page=200,2026-09-06T13:16:11.787461+00:00,2026-07-13,source does not distinguish annual measurement from estimate,False
1994,ER.H2O.FWAG.ZS,"Annual freshwater withdrawals, agriculture (% of total freshwater withdrawal)",67.4057649667,percent,,https://api.worldbank.org/v2/country/ISR/indicator/ER.H2O.FWAG.ZS?format=json&per_page=200,2026-09-06T13:16:11.787461+00:00,2026-07-13,source does not distinguish annual measurement from estimate,False
1995,ER.H2O.FWAG.ZS,"Annual freshwater withdrawals, agriculture (% of total freshwater withdrawal)",67.4057649667,percent,,https://api.worldbank.org/v2/country/ISR/indicator/ER.H2O.FWAG.ZS?format=json&per_page=200,2026-09-06T13:16:11.787461+00:00,2026-07-13,source does not distinguish annual measurement from estimate,False
1996,ER.H2O.FWAG.ZS,"Annual freshwater withdrawals, agriculture (% of total freshwater withdrawal)",65.6734610204,percent,,https://api.worldbank.org/v2/country/ISR/indicator/ER.H2O.FWAG.ZS?format=json&per_page=200,2026-09-06T13:16:11.787461+00:00,2026-07-13,source does not distinguish annual measurement from estimate,False
1997,ER.H2O.FWAG.ZS,"Annual freshwater withdrawals, agriculture (% of total freshwater withdrawal)",63.9829532916,percent,,https://api.worldbank.org/v2/country/ISR/indicator/ER.H2O.FWAG.ZS?format=json&per_page=200,2026-09-06T13:16:11.787461+00:00,2026-07-13,source does not distinguish annual measurement from estimate,False
1998,ER.H2O.FWAG.ZS,"Annual freshwater withdrawals, agriculture (% of total freshwater withdrawal)",62.3327471519,percent,,https://api.worldbank.org/v2/country/ISR/indicator/ER.H2O.FWAG.ZS?format=json&per_page=200,2026-09-06T13:16:11.787461+00:00,2026-07-13,source does not distinguish annual measurement from estimate,False
1999,ER.H2O.FWAG.ZS,"Annual freshwater withdrawals, agriculture (% of total freshwater withdrawal)",60.7214183971,percent,,https://api.worldbank.org/v2/country/ISR/indicator/ER.H2O.FWAG.ZS?format=json&per_page=200,2026-09-06T13:16:11.787461+00:00,2026-07-13,source does not distinguish annual measurement from estimate,False
2000,ER.H2O.FWAG.ZS,"Annual freshwater withdrawals, agriculture (% of total freshwater withdrawal)",59.1476091476,percent,,https://api.worldbank.org/v2/country/ISR/indicator/ER.H2O.FWAG.ZS?format=json&per_page=200,2026-09-06T13:16:11.787461+00:00,2026-07-13,source does not distinguish annual measurement from estimate,False
2001,ER.H2O.FWAG.ZS,"Annual freshwater withdrawals, agriculture (% of total freshwater withdrawal)",57.4966711052,percent,,https://api.worldbank.org/v2/country/ISR/indicator/ER.H2O.FWAG.ZS?format=json&per_page=200,2026-09-06T13:16:11.787461+00:00,2026-07-13,source does not distinguish annual measurement from estimate,False
2002,ER.H2O.FWAG.ZS,"Annual freshwater withdrawals, agriculture (% of total freshwater withdrawal)",55.7618787548,percent,,https://api.worldbank.org/v2/country/ISR/indicator/ER.H2O.FWAG.ZS?format=json&per_page=200,2026-09-06T13:16:11.787461+00:00,2026-07-13,source does not distinguish annual measurement from estimate,False
2003,ER.H2O.FWAG.ZS,"Annual freshwater withdrawals, agriculture (% of total freshwater withdrawal)",56.1827956989,percent,,https://api.worldbank.org/v2/country/ISR/indicator/ER.H2O.FWAG.ZS?format=json&per_page=200,2026-09-06T13:16:11.787461+00:00,2026-07-13,source does not distinguish annual measurement from estimate,False
2004,ER.H2O.FWAG.ZS,"Annual freshwater withdrawals, agriculture (% of total freshwater withdrawal)",57.7789150461,percent,,https://api.worldbank.org/v2/country/ISR/indicator/ER.H2O.FWAG.ZS?format=json&per_page=200,2026-09-06T13:16:11.787461+00:00,2026-07-13,source does not distinguish annual measurement from estimate,False
2005,ER.H2O.FWAG.ZS,"Annual freshwater withdrawals, agriculture (% of total freshwater withdrawal)",57.314546208,percent,,https://api.worldbank.org/v2/country/ISR/indicator/ER.H2O.FWAG.ZS?format=json&per_page=200,2026-09-06T13:16:11.787461+00:00,2026-07-13,source does not distinguish annual measurement from estimate,False
2006,ER.H2O.FWAG.ZS,"Annual freshwater withdrawals, agriculture (% of total freshwater withdrawal)",56.8386826096,percent,,https://api.worldbank.org/v2/country/ISR/indicator/ER.H2O.FWAG.ZS?format=json&per_page=200,2026-09-06T13:16:11.787461+00:00,2026-07-13,source does not distinguish annual measurement from estimate,False
2007,ER.H2O.FWAG.ZS,"Annual freshwater withdrawals, agriculture (% of total freshwater withdrawal)",56.3508920986,percent,,https://api.worldbank.org/v2/country/ISR/indicator/ER.H2O.FWAG.ZS?format=json&per_page=200,2026-09-06T13:16:11.787461+00:00,2026-07-13,source does not distinguish annual measurement from estimate,False
2008,ER.H2O.FWAG.ZS,"Annual freshwater withdrawals, agriculture (% of total freshwater withdrawal)",55.8507205851,percent,,https://api.worldbank.org/v2/country/ISR/indicator/ER.H2O.FWAG.ZS?format=json&per_page=200,2026-09-06T13:16:11.787461+00:00,2026-07-13,source does not distinguish annual measurement from estimate,False
2009,ER.H2O.FWAG.ZS,"Annual freshwater withdrawals, agriculture (% of total freshwater withdrawal)",55.3376906318,percent,,https://api.worldbank.org/v2/country/ISR/indicator/ER.H2O.FWAG.ZS?format=json&per_page=200,2026-09-06T13:16:11.787461+00:00,2026-07-13,source does not distinguish annual measurement from estimate,False
2010,ER.H2O.FWAG.ZS,"Annual freshwater withdrawals, agriculture (% of total freshwater withdrawal)",57.3215216258,percent,,https://api.worldbank.org/v2/country/ISR/indicator/ER.H2O.FWAG.ZS?format=json&per_page=200,2026-09-06T13:16:11.787461+00:00,2026-07-13,source does not distinguish annual measurement from estimate,False
2011,ER.H2O.FWAG.ZS,"Annual freshwater withdrawals, agriculture (% of total freshwater withdrawal)",56.306122449,percent,,https://api.worldbank.org/v2/country/ISR/indicator/ER.H2O.FWAG.ZS?format=json&per_page=200,2026-09-06T13:16:11.787461+00:00,2026-07-13,source does not distinguish annual measurement from estimate,False
2012,ER.H2O.FWAG.ZS,"Annual freshwater withdrawals, agriculture (% of total freshwater withdrawal)",55.3323338331,percent,,https://api.worldbank.org/v2/country/ISR/indicator/ER.H2O.FWAG.ZS?format=json&per_page=200,2026-09-06T13:16:11.787461+00:00,2026-07-13,source does not distinguish annual measurement from estimate,False
2013,ER.H2O.FWAG.ZS,"Annual freshwater withdrawals, agriculture (% of total freshwater withdrawal)",54.3976493634,percent,,https://api.worldbank.org/v2/country/ISR/indicator/ER.H2O.FWAG.ZS?format=json&per_page=200,2026-09-06T13:16:11.787461+00:00,2026-07-13,source does not distinguish annual measurement from estimate,False
2014,ER.H2O.FWAG.ZS,"Annual freshwater withdrawals, agriculture (% of total freshwater withdrawal)",53.4997599616,percent,,https://api.worldbank.org/v2/country/ISR/indicator/ER.H2O.FWAG.ZS?format=json&per_page=200,2026-09-06T13:16:11.787461+00:00,2026-07-13,source does not distinguish annual measurement from estimate,False
2015,ER.H2O.FWAG.ZS,"Annual freshwater withdrawals, agriculture (% of total freshwater withdrawal)",52.6365348399,percent,,https://api.worldbank.org/v2/country/ISR/indicator/ER.H2O.FWAG.ZS?format=json&per_page=200,2026-09-06T13:16:11.787461+00:00,2026-07-13,source does not distinguish annual measurement from estimate,False
2016,ER.H2O.FWAG.ZS,"Annual freshwater withdrawals, agriculture (% of total freshwater withdrawal)",55.6147359077,percent,,https://api.worldbank.org/v2/country/ISR/indicator/ER.H2O.FWAG.ZS?format=json&per_page=200,2026-09-06T13:16:11.787461+00:00,2026-07-13,source does not distinguish annual measurement from estimate,False
2017,ER.H2O.FWAG.ZS,"Annual freshwater withdrawals, agriculture (% of total freshwater withdrawal)",43.3463372345,percent,,https://api.worldbank.org/v2/country/ISR/indicator/ER.H2O.FWAG.ZS?format=json&per_page=200,2026-09-06T13:16:11.787461+00:00,2026-07-13,source does not distinguish annual measurement from estimate,False
2018,ER.H2O.FWAG.ZS,"Annual freshwater withdrawals, agriculture (% of total freshwater withdrawal)",51.6512549538,percent,,https://api.worldbank.org/v2/country/ISR/indicator/ER.H2O.FWAG.ZS?format=json&per_page=200,2026-09-06T13:16:11.787461+00:00,2026-07-13,source does not distinguish annual measurement from estimate,False
2019,ER.H2O.FWAG.ZS,"Annual freshwater withdrawals, agriculture (% of total freshwater withdrawal)",51.3805004314,percent,,https://api.worldbank.org/v2/country/ISR/indicator/ER.H2O.FWAG.ZS?format=json&per_page=200,2026-09-06T13:16:11.787461+00:00,2026-07-13,source does not distinguish annual measurement from estimate,False
2020,ER.H2O.FWAG.ZS,"Annual freshwater withdrawals, agriculture (% of total freshwater withdrawal)",49.7916666667,percent,,https://api.worldbank.org/v2/country/ISR/indicator/ER.H2O.FWAG.ZS?format=json&per_page=200,2026-09-06T13:16:11.787461+00:00,2026-07-13,source does not distinguish annual measurement from estimate,False
2021,ER.H2O.FWAG.ZS,"Annual freshwater withdrawals, agriculture (% of total freshwater withdrawal)",48.3969465649,percent,,https://api.worldbank.org/v2/country/ISR/indicator/ER.H2O.FWAG.ZS?format=json&per_page=200,2026-09-06T13:16:11.787461+00:00,2026-07-13,source does not distinguish annual measurement from estimate,False
1970,ER.H2O.FWTL.ZS,"Annual freshwater withdrawals, total (% of internal renewable resources)",205.79,percent,,https://api.worldbank.org/v2/country/ISR/indicator/ER.H2O.FWTL.ZS?format=json&per_page=200,2026-09-06T13:16:11.787461+00:00,2026-07-13,source does not distinguish annual measurement from estimate,False
1971,ER.H2O.FWTL.ZS,"Annual freshwater withdrawals, total (% of internal renewable resources)",207.413333333333,percent,,https://api.worldbank.org/v2/country/ISR/indicator/ER.H2O.FWTL.ZS?format=json&per_page=200,2026-09-06T13:16:11.787461+00:00,2026-07-13,source does not distinguish annual measurement from estimate,False
1972,ER.H2O.FWTL.ZS,"Annual freshwater withdrawals, total (% of internal renewable resources)",208.826666666667,percent,,https://api.worldbank.org/v2/country/ISR/indicator/ER.H2O.FWTL.ZS?format=json&per_page=200,2026-09-06T13:16:11.787461+00:00,2026-07-13,source does not distinguish annual measurement from estimate,False
1973,ER.H2O.FWTL.ZS,"Annual freshwater withdrawals, total (% of internal renewable resources)",210.24,percent,,https://api.worldbank.org/v2/country/ISR/indicator/ER.H2O.FWTL.ZS?format=json&per_page=200,2026-09-06T13:16:11.787461+00:00,2026-07-13,source does not distinguish annual measurement from estimate,False
1974,ER.H2O.FWTL.ZS,"Annual freshwater withdrawals, total (% of internal renewable resources)",211.653333333333,percent,,https://api.worldbank.org/v2/country/ISR/indicator/ER.H2O.FWTL.ZS?format=json&per_page=200,2026-09-06T13:16:11.787461+00:00,2026-07-13,source does not distinguish annual measurement from estimate,False
1975,ER.H2O.FWTL.ZS,"Annual freshwater withdrawals, total (% of internal renewable resources)",213.066666666667,percent,,https://api.worldbank.org/v2/country/ISR/indicator/ER.H2O.FWTL.ZS?format=json&per_page=200,2026-09-06T13:16:11.787461+00:00,2026-07-13,source does not distinguish annual measurement from estimate,False
1976,ER.H2O.FWTL.ZS,"Annual freshwater withdrawals, total (% of internal renewable resources)",214.48,percent,,https://api.worldbank.org/v2/country/ISR/indicator/ER.H2O.FWTL.ZS?format=json&per_page=200,2026-09-06T13:16:11.787461+00:00,2026-07-13,source does not distinguish annual measurement from estimate,False
1977,ER.H2O.FWTL.ZS,"Annual freshwater withdrawals, total (% of internal renewable resources)",215.893333333333,percent,,https://api.worldbank.org/v2/country/ISR/indicator/ER.H2O.FWTL.ZS?format=json&per_page=200,2026-09-06T13:16:11.787461+00:00,2026-07-13,source does not distinguish annual measurement from estimate,False
1978,ER.H2O.FWTL.ZS,"Annual freshwater withdrawals, total (% of internal renewable resources)",217.306666666667,percent,,https://api.worldbank.org/v2/country/ISR/indicator/ER.H2O.FWTL.ZS?format=json&per_page=200,2026-09-06T13:16:11.787461+00:00,2026-07-13,source does not distinguish annual measurement from estimate,False
1979,ER.H2O.FWTL.ZS,"Annual freshwater withdrawals, total (% of internal renewable resources)",218.52,percent,,https://api.worldbank.org/v2/country/ISR/indicator/ER.H2O.FWTL.ZS?format=json&per_page=200,2026-09-06T13:16:11.787461+00:00,2026-07-13,source does not distinguish annual measurement from estimate,False
1980,ER.H2O.FWTL.ZS,"Annual freshwater withdrawals, total (% of internal renewable resources)",219.733333333333,percent,,https://api.worldbank.org/v2/country/ISR/indicator/ER.H2O.FWTL.ZS?format=json&per_page=200,2026-09-06T13:16:11.787461+00:00,2026-07-13,source does not distinguish annual measurement from estimate,False
1981,ER.H2O.FWTL.ZS,"Annual freshwater withdrawals, total (% of internal renewable resources)",223.853333333333,percent,,https://api.worldbank.org/v2/country/ISR/indicator/ER.H2O.FWTL.ZS?format=json&per_page=200,2026-09-06T13:16:11.787461+00:00,2026-07-13,source does not distinguish annual measurement from estimate,False
1982,ER.H2O.FWTL.ZS,"Annual freshwater withdrawals, total (% of internal renewable resources)",227.973333333333,percent,,https://api.worldbank.org/v2/country/ISR/indicator/ER.H2O.FWTL.ZS?format=json&per_page=200,2026-09-06T13:16:11.787461+00:00,2026-07-13,source does not distinguish annual measurement from estimate,False
1983,ER.H2O.FWTL.ZS,"Annual freshwater withdrawals, total (% of internal renewable resources)",230.91555556,percent,,https://api.worldbank.org/v2/country/ISR/indicator/ER.H2O.FWTL.ZS?format=json&per_page=200,2026-09-06T13:16:11.787461+00:00,2026-07-13,source does not distinguish annual measurement from estimate,False
1984,ER.H2O.FWTL.ZS,"Annual freshwater withdrawals, total (% of internal renewable resources)",233.857777773333,percent,,https://api.worldbank.org/v2/country/ISR/indicator/ER.H2O.FWTL.ZS?format=json&per_page=200,2026-09-06T13:16:11.787461+00:00,2026-07-13,source does not distinguish annual measurement from estimate,False
1985,ER.H2O.FWTL.ZS,"Annual freshwater withdrawals, total (% of internal renewable resources)",236.8,percent,,https://api.worldbank.org/v2/country/ISR/indicator/ER.H2O.FWTL.ZS?format=json&per_page=200,2026-09-06T13:16:11.787461+00:00,2026-07-13,source does not distinguish annual measurement from estimate,False
1986,ER.H2O.FWTL.ZS,"Annual freshwater withdrawals, total (% of internal renewable resources)",235.266666666667,percent,,https://api.worldbank.org/v2/country/ISR/indicator/ER.H2O.FWTL.ZS?format=json&per_page=200,2026-09-06T13:16:11.787461+00:00,2026-07-13,source does not distinguish annual measurement from estimate,False
1987,ER.H2O.FWTL.ZS,"Annual freshwater withdrawals, total (% of internal renewable resources)",226.133333333333,percent,,https://api.worldbank.org/v2/country/ISR/indicator/ER.H2O.FWTL.ZS?format=json&per_page=200,2026-09-06T13:16:11.787461+00:00,2026-07-13,source does not distinguish annual measurement from estimate,False
1988,ER.H2O.FWTL.ZS,"Annual freshwater withdrawals, total (% of internal renewable resources)",222.0,percent,,https://api.worldbank.org/v2/country/ISR/indicator/ER.H2O.FWTL.ZS?format=json&per_page=200,2026-09-06T13:16:11.787461+00:00,2026-07-13,source does not distinguish annual measurement from estimate,False
1989,ER.H2O.FWTL.ZS,"Annual freshwater withdrawals, total (% of internal renewable resources)",217.866666666667,percent,,https://api.worldbank.org/v2/country/ISR/indicator/ER.H2O.FWTL.ZS?format=json&per_page=200,2026-09-06T13:16:11.787461+00:00,2026-07-13,source does not distinguish annual measurement from estimate,False
1990,ER.H2O.FWTL.ZS,"Annual freshwater withdrawals, total (% of internal renewable resources)",209.653333333333,percent,,https://api.worldbank.org/v2/country/ISR/indicator/ER.H2O.FWTL.ZS?format=json&per_page=200,2026-09-06T13:16:11.787461+00:00,2026-07-13,source does not distinguish annual measurement from estimate,False
1991,ER.H2O.FWTL.ZS,"Annual freshwater withdrawals, total (% of internal renewable resources)",208.266666666667,percent,,https://api.worldbank.org/v2/country/ISR/indicator/ER.H2O.FWTL.ZS?format=json&per_page=200,2026-09-06T13:16:11.787461+00:00,2026-07-13,source does not distinguish annual measurement from estimate,False
1992,ER.H2O.FWTL.ZS,"Annual freshwater withdrawals, total (% of internal renewable resources)",206.88,percent,,https://api.worldbank.org/v2/country/ISR/indicator/ER.H2O.FWTL.ZS?format=json&per_page=200,2026-09-06T13:16:11.787461+00:00,2026-07-13,source does not distinguish annual measurement from estimate,False
1993,ER.H2O.FWTL.ZS,"Annual freshwater withdrawals, total (% of internal renewable resources)",205.493333333333,percent,,https://api.worldbank.org/v2/country/ISR/indicator/ER.H2O.FWTL.ZS?format=json&per_page=200,2026-09-06T13:16:11.787461+00:00,2026-07-13,source does not distinguish annual measurement from estimate,False
1994,ER.H2O.FWTL.ZS,"Annual freshwater withdrawals, total (% of internal renewable resources)",204.106666666667,percent,,https://api.worldbank.org/v2/country/ISR/indicator/ER.H2O.FWTL.ZS?format=json&per_page=200,2026-09-06T13:16:11.787461+00:00,2026-07-13,source does not distinguish annual measurement from estimate,False
1995,ER.H2O.FWTL.ZS,"Annual freshwater withdrawals, total (% of internal renewable resources)",204.32,percent,,https://api.worldbank.org/v2/country/ISR/indicator/ER.H2O.FWTL.ZS?format=json&per_page=200,2026-09-06T13:16:11.787461+00:00,2026-07-13,source does not distinguish annual measurement from estimate,False
1996,ER.H2O.FWTL.ZS,"Annual freshwater withdrawals, total (% of internal renewable resources)",206.48,percent,,https://api.worldbank.org/v2/country/ISR/indicator/ER.H2O.FWTL.ZS?format=json&per_page=200,2026-09-06T13:16:11.787461+00:00,2026-07-13,source does not distinguish annual measurement from estimate,False
1997,ER.H2O.FWTL.ZS,"Annual freshwater withdrawals, total (% of internal renewable resources)",208.64,percent,,https://api.worldbank.org/v2/country/ISR/indicator/ER.H2O.FWTL.ZS?format=json&per_page=200,2026-09-06T13:16:11.787461+00:00,2026-07-13,source does not distinguish annual measurement from estimate,False
1998,ER.H2O.FWTL.ZS,"Annual freshwater withdrawals, total (% of internal renewable resources)",210.8,percent,,https://api.worldbank.org/v2/country/ISR/indicator/ER.H2O.FWTL.ZS?format=json&per_page=200,2026-09-06T13:16:11.787461+00:00,2026-07-13,source does not distinguish annual measurement from estimate,False
1999,ER.H2O.FWTL.ZS,"Annual freshwater withdrawals, total (% of internal renewable resources)",212.96,percent,,https://api.worldbank.org/v2/country/ISR/indicator/ER.H2O.FWTL.ZS?format=json&per_page=200,2026-09-06T13:16:11.787461+00:00,2026-07-13,source does not distinguish annual measurement from estimate,False
2000,ER.H2O.FWTL.ZS,"Annual freshwater withdrawals, total (% of internal renewable resources)",215.12,percent,,https://api.worldbank.org/v2/country/ISR/indicator/ER.H2O.FWTL.ZS?format=json&per_page=200,2026-09-06T13:16:11.787461+00:00,2026-07-13,source does not distinguish annual measurement from estimate,False
2001,ER.H2O.FWTL.ZS,"Annual freshwater withdrawals, total (% of internal renewable resources)",210.46,percent,,https://api.worldbank.org/v2/country/ISR/indicator/ER.H2O.FWTL.ZS?format=json&per_page=200,2026-09-06T13:16:11.787461+00:00,2026-07-13,source does not distinguish annual measurement from estimate,False
2002,ER.H2O.FWTL.ZS,"Annual freshwater withdrawals, total (% of internal renewable resources)",205.8,percent,,https://api.worldbank.org/v2/country/ISR/indicator/ER.H2O.FWTL.ZS?format=json&per_page=200,2026-09-06T13:16:11.787461+00:00,2026-07-13,source does not distinguish annual measurement from estimate,False
2003,ER.H2O.FWTL.ZS,"Annual freshwater withdrawals, total (% of internal renewable resources)",229.333333333333,percent,,https://api.worldbank.org/v2/country/ISR/indicator/ER.H2O.FWTL.ZS?format=json&per_page=200,2026-09-06T13:16:11.787461+00:00,2026-07-13,source does not distinguish annual measurement from estimate,False
2004,ER.H2O.FWTL.ZS,"Annual freshwater withdrawals, total (% of internal renewable resources)",189.2,percent,,https://api.worldbank.org/v2/country/ISR/indicator/ER.H2O.FWTL.ZS?format=json&per_page=200,2026-09-06T13:16:11.787461+00:00,2026-07-13,source does not distinguish annual measurement from estimate,False
2005,ER.H2O.FWTL.ZS,"Annual freshwater withdrawals, total (% of internal renewable resources)",187.44444444,percent,,https://api.worldbank.org/v2/country/ISR/indicator/ER.H2O.FWTL.ZS?format=json&per_page=200,2026-09-06T13:16:11.787461+00:00,2026-07-13,source does not distinguish annual measurement from estimate,False
2006,ER.H2O.FWTL.ZS,"Annual freshwater withdrawals, total (% of internal renewable resources)",185.688888893333,percent,,https://api.worldbank.org/v2/country/ISR/indicator/ER.H2O.FWTL.ZS?format=json&per_page=200,2026-09-06T13:16:11.787461+00:00,2026-07-13,source does not distinguish annual measurement from estimate,False
2007,ER.H2O.FWTL.ZS,"Annual freshwater withdrawals, total (% of internal renewable resources)",183.933333333333,percent,,https://api.worldbank.org/v2/country/ISR/indicator/ER.H2O.FWTL.ZS?format=json&per_page=200,2026-09-06T13:16:11.787461+00:00,2026-07-13,source does not distinguish annual measurement from estimate,False
2008,ER.H2O.FWTL.ZS,"Annual freshwater withdrawals, total (% of internal renewable resources)",182.177777773333,percent,,https://api.worldbank.org/v2/country/ISR/indicator/ER.H2O.FWTL.ZS?format=json&per_page=200,2026-09-06T13:16:11.787461+00:00,2026-07-13,source does not distinguish annual measurement from estimate,False
2009,ER.H2O.FWTL.ZS,"Annual freshwater withdrawals, total (% of internal renewable resources)",180.422222226667,percent,,https://api.worldbank.org/v2/country/ISR/indicator/ER.H2O.FWTL.ZS?format=json&per_page=200,2026-09-06T13:16:11.787461+00:00,2026-07-13,source does not distinguish annual measurement from estimate,False
2010,ER.H2O.FWTL.ZS,"Annual freshwater withdrawals, total (% of internal renewable resources)",178.666666666667,percent,,https://api.worldbank.org/v2/country/ISR/indicator/ER.H2O.FWTL.ZS?format=json&per_page=200,2026-09-06T13:16:11.787461+00:00,2026-07-13,source does not distinguish annual measurement from estimate,False
2011,ER.H2O.FWTL.ZS,"Annual freshwater withdrawals, total (% of internal renewable resources)",173.493333333333,percent,,https://api.worldbank.org/v2/country/ISR/indicator/ER.H2O.FWTL.ZS?format=json&per_page=200,2026-09-06T13:16:11.787461+00:00,2026-07-13,source does not distinguish annual measurement from estimate,False
2012,ER.H2O.FWTL.ZS,"Annual freshwater withdrawals, total (% of internal renewable resources)",168.32,percent,,https://api.worldbank.org/v2/country/ISR/indicator/ER.H2O.FWTL.ZS?format=json&per_page=200,2026-09-06T13:16:11.787461+00:00,2026-07-13,source does not distinguish annual measurement from estimate,False
2013,ER.H2O.FWTL.ZS,"Annual freshwater withdrawals, total (% of internal renewable resources)",163.066666666667,percent,,https://api.worldbank.org/v2/country/ISR/indicator/ER.H2O.FWTL.ZS?format=json&per_page=200,2026-09-06T13:16:11.787461+00:00,2026-07-13,source does not distinguish annual measurement from estimate,False
2014,ER.H2O.FWTL.ZS,"Annual freshwater withdrawals, total (% of internal renewable resources)",157.866666666667,percent,,https://api.worldbank.org/v2/country/ISR/indicator/ER.H2O.FWTL.ZS?format=json&per_page=200,2026-09-06T13:16:11.787461+00:00,2026-07-13,source does not distinguish annual measurement from estimate,False
2015,ER.H2O.FWTL.ZS,"Annual freshwater withdrawals, total (% of internal renewable resources)",152.8,percent,,https://api.worldbank.org/v2/country/ISR/indicator/ER.H2O.FWTL.ZS?format=json&per_page=200,2026-09-06T13:16:11.787461+00:00,2026-07-13,source does not distinguish annual measurement from estimate,False
2016,ER.H2O.FWTL.ZS,"Annual freshwater withdrawals, total (% of internal renewable resources)",159.866666666667,percent,,https://api.worldbank.org/v2/country/ISR/indicator/ER.H2O.FWTL.ZS?format=json&per_page=200,2026-09-06T13:16:11.787461+00:00,2026-07-13,source does not distinguish annual measurement from estimate,False
2017,ER.H2O.FWTL.ZS,"Annual freshwater withdrawals, total (% of internal renewable resources)",160.133333333333,percent,,https://api.worldbank.org/v2/country/ISR/indicator/ER.H2O.FWTL.ZS?format=json&per_page=200,2026-09-06T13:16:11.787461+00:00,2026-07-13,source does not distinguish annual measurement from estimate,False
2018,ER.H2O.FWTL.ZS,"Annual freshwater withdrawals, total (% of internal renewable resources)",148.266666666667,percent,,https://api.worldbank.org/v2/country/ISR/indicator/ER.H2O.FWTL.ZS?format=json&per_page=200,2026-09-06T13:16:11.787461+00:00,2026-07-13,source does not distinguish annual measurement from estimate,False
2019,ER.H2O.FWTL.ZS,"Annual freshwater withdrawals, total (% of internal renewable resources)",155.2,percent,,https://api.worldbank.org/v2/country/ISR/indicator/ER.H2O.FWTL.ZS?format=json&per_page=200,2026-09-06T13:16:11.787461+00:00,2026-07-13,source does not distinguish annual measurement from estimate,False
2020,ER.H2O.FWTL.ZS,"Annual freshwater withdrawals, total (% of internal renewable resources)",170.133333333333,percent,,https://api.worldbank.org/v2/country/ISR/indicator/ER.H2O.FWTL.ZS?format=json&per_page=200,2026-09-06T13:16:11.787461+00:00,2026-07-13,source does not distinguish annual measurement from estimate,False
2021,ER.H2O.FWTL.ZS,"Annual freshwater withdrawals, total (% of internal renewable resources)",204.0,percent,,https://api.worldbank.org/v2/country/ISR/indicator/ER.H2O.FWTL.ZS?format=json&per_page=200,2026-09-06T13:16:11.787461+00:00,2026-07-13,source does not distinguish annual measurement from estimate,False
