year,variable,old_product,new_product,old_value,new_value,delta_new_minus_old
1902,rain_mm,CRU-CY4.08,CRU-CY4.10,410.6000000000001,413.4,2.7999999999998977
1903,rain_mm,CRU-CY4.08,CRU-CY4.10,480.90000000000003,487.9,6.999999999999943
1904,rain_mm,CRU-CY4.08,CRU-CY4.10,432.2,431.00000000000006,-1.1999999999999318
1905,rain_mm,CRU-CY4.08,CRU-CY4.10,647.4,676.3000000000001,28.90000000000009
1906,rain_mm,CRU-CY4.08,CRU-CY4.10,563.6999999999999,573.2,9.500000000000114
1907,rain_mm,CRU-CY4.08,CRU-CY4.10,519.5,525.2,5.7000000000000455
1908,rain_mm,CRU-CY4.08,CRU-CY4.10,554.6,541.7,-12.899999999999977
1909,rain_mm,CRU-CY4.08,CRU-CY4.10,438.90000000000003,428.70000000000005,-10.199999999999989
1910,rain_mm,CRU-CY4.08,CRU-CY4.10,439.4,439.2,-0.19999999999998863
1911,rain_mm,CRU-CY4.08,CRU-CY4.10,548.1,557.8999999999999,9.79999999999984
1912,rain_mm,CRU-CY4.08,CRU-CY4.10,571.8000000000001,588.2,16.399999999999977
1913,rain_mm,CRU-CY4.08,CRU-CY4.10,507.5,517.0,9.5
1914,rain_mm,CRU-CY4.08,CRU-CY4.10,421.4,417.59999999999997,-3.8000000000000114
1915,rain_mm,CRU-CY4.08,CRU-CY4.10,450.20000000000005,452.80000000000007,2.6000000000000227
1916,rain_mm,CRU-CY4.08,CRU-CY4.10,463.7,478.5,14.800000000000011
1917,rain_mm,CRU-CY4.08,CRU-CY4.10,507.6,519.7,12.100000000000023
1918,rain_mm,CRU-CY4.08,CRU-CY4.10,515.1,528.2,13.100000000000023
1919,rain_mm,CRU-CY4.08,CRU-CY4.10,537.8000000000001,541.7,3.8999999999999773
1920,rain_mm,CRU-CY4.08,CRU-CY4.10,605.2000000000002,625.2000000000002,20.0
1921,rain_mm,CRU-CY4.08,CRU-CY4.10,456.0,471.79999999999995,15.799999999999955
1922,rain_mm,CRU-CY4.08,CRU-CY4.10,499.5,499.6,0.10000000000002274
1923,rain_mm,CRU-CY4.08,CRU-CY4.10,406.9,402.79999999999995,-4.100000000000023
1924,rain_mm,CRU-CY4.08,CRU-CY4.10,442.8,432.00000000000006,-10.799999999999955
1925,rain_mm,CRU-CY4.08,CRU-CY4.10,367.40000000000003,368.6,1.1999999999999886
1926,rain_mm,CRU-CY4.08,CRU-CY4.10,480.59999999999997,474.6,-5.999999999999943
1927,rain_mm,CRU-CY4.08,CRU-CY4.10,455.0,446.2,-8.800000000000011
1928,rain_mm,CRU-CY4.08,CRU-CY4.10,363.9,370.79999999999995,6.899999999999977
1929,rain_mm,CRU-CY4.08,CRU-CY4.10,448.5,433.00000000000006,-15.499999999999943
1930,rain_mm,CRU-CY4.08,CRU-CY4.10,441.3,435.6,-5.699999999999989
1931,rain_mm,CRU-CY4.08,CRU-CY4.10,430.09999999999997,420.40000000000003,-9.699999999999932
1932,rain_mm,CRU-CY4.08,CRU-CY4.10,368.29999999999995,406.70000000000005,38.40000000000009
1933,rain_mm,CRU-CY4.08,CRU-CY4.10,247.79999999999998,248.6,0.8000000000000114
1934,rain_mm,CRU-CY4.08,CRU-CY4.10,369.30000000000007,381.9000000000001,12.600000000000023
1935,rain_mm,CRU-CY4.08,CRU-CY4.10,497.70000000000005,491.3999999999999,-6.300000000000125
1936,rain_mm,CRU-CY4.08,CRU-CY4.10,328.7,319.8,-8.899999999999977
1937,rain_mm,CRU-CY4.08,CRU-CY4.10,487.09999999999997,536.2,49.10000000000008
1938,rain_mm,CRU-CY4.08,CRU-CY4.10,524.0,571.5,47.5
1939,rain_mm,CRU-CY4.08,CRU-CY4.10,501.7,532.8,31.099999999999966
1940,rain_mm,CRU-CY4.08,CRU-CY4.10,471.5,502.90000000000003,31.400000000000034
1941,rain_mm,CRU-CY4.08,CRU-CY4.10,444.59999999999997,427.6,-16.999999999999943
1942,rain_mm,CRU-CY4.08,CRU-CY4.10,535.6,547.9999999999999,12.399999999999864
1943,rain_mm,CRU-CY4.08,CRU-CY4.10,560.5999999999999,566.5999999999999,6.0
1944,rain_mm,CRU-CY4.08,CRU-CY4.10,410.2,435.40000000000003,25.200000000000045
1945,rain_mm,CRU-CY4.08,CRU-CY4.10,674.6,699.9999999999999,25.399999999999864
1946,rain_mm,CRU-CY4.08,CRU-CY4.10,405.0,400.2,-4.800000000000011
1947,rain_mm,CRU-CY4.08,CRU-CY4.10,295.3,285.5,-9.800000000000011
1948,rain_mm,CRU-CY4.08,CRU-CY4.10,449.2,471.1,21.900000000000034
1949,rain_mm,CRU-CY4.08,CRU-CY4.10,584.4999999999999,588.5,4.000000000000114
1950,rain_mm,CRU-CY4.08,CRU-CY4.10,460.0,463.50000000000006,3.500000000000057
1951,rain_mm,CRU-CY4.08,CRU-CY4.10,280.7,268.0,-12.699999999999989
1952,rain_mm,CRU-CY4.08,CRU-CY4.10,525.9,546.6999999999999,20.799999999999955
1953,rain_mm,CRU-CY4.08,CRU-CY4.10,448.90000000000003,443.7,-5.2000000000000455
1954,rain_mm,CRU-CY4.08,CRU-CY4.10,501.0,513.6,12.600000000000023
1955,rain_mm,CRU-CY4.08,CRU-CY4.10,296.9,320.3,23.400000000000034
1956,rain_mm,CRU-CY4.08,CRU-CY4.10,518.7,523.5999999999999,4.899999999999864
1957,rain_mm,CRU-CY4.08,CRU-CY4.10,434.70000000000005,433.5,-1.2000000000000455
1958,rain_mm,CRU-CY4.08,CRU-CY4.10,366.5,369.6000000000001,3.1000000000000796
1959,rain_mm,CRU-CY4.08,CRU-CY4.10,320.30000000000007,320.99999999999994,0.6999999999998749
1960,rain_mm,CRU-CY4.08,CRU-CY4.10,223.49999999999997,211.2,-12.299999999999983
1961,rain_mm,CRU-CY4.08,CRU-CY4.10,380.8,384.4,3.599999999999966
1962,rain_mm,CRU-CY4.08,CRU-CY4.10,409.8,401.1,-8.699999999999989
1963,rain_mm,CRU-CY4.08,CRU-CY4.10,332.20000000000005,295.50000000000006,-36.69999999999999
1964,rain_mm,CRU-CY4.08,CRU-CY4.10,513.1,524.5,11.399999999999977
1965,rain_mm,CRU-CY4.08,CRU-CY4.10,533.9,566.6,32.700000000000045
1966,rain_mm,CRU-CY4.08,CRU-CY4.10,340.5,333.7,-6.800000000000011
1967,rain_mm,CRU-CY4.08,CRU-CY4.10,609.9000000000001,596.5000000000001,-13.399999999999977
1968,rain_mm,CRU-CY4.08,CRU-CY4.10,428.90000000000003,436.3,7.399999999999977
1969,rain_mm,CRU-CY4.08,CRU-CY4.10,561.0999999999999,552.8,-8.299999999999955
1970,rain_mm,CRU-CY4.08,CRU-CY4.10,396.00000000000006,388.30000000000007,-7.699999999999989
1971,rain_mm,CRU-CY4.08,CRU-CY4.10,451.90000000000003,455.20000000000005,3.3000000000000114
1972,rain_mm,CRU-CY4.08,CRU-CY4.10,467.6,488.0,20.399999999999977
1973,rain_mm,CRU-CY4.08,CRU-CY4.10,308.7,305.2,-3.5
1974,rain_mm,CRU-CY4.08,CRU-CY4.10,575.6,605.5,29.899999999999977
1975,rain_mm,CRU-CY4.08,CRU-CY4.10,412.29999999999995,411.5,-0.7999999999999545
1976,rain_mm,CRU-CY4.08,CRU-CY4.10,377.5,381.3999999999999,3.8999999999999204
1977,rain_mm,CRU-CY4.08,CRU-CY4.10,417.6,421.80000000000007,4.2000000000000455
1978,rain_mm,CRU-CY4.08,CRU-CY4.10,442.0,413.6,-28.399999999999977
1979,rain_mm,CRU-CY4.08,CRU-CY4.10,291.1,290.1,-1.0
1980,rain_mm,CRU-CY4.08,CRU-CY4.10,656.5,653.5999999999999,-2.900000000000091
1981,rain_mm,CRU-CY4.08,CRU-CY4.10,485.4,478.49999999999994,-6.900000000000034
1982,rain_mm,CRU-CY4.08,CRU-CY4.10,372.6,363.2,-9.400000000000034
1983,rain_mm,CRU-CY4.08,CRU-CY4.10,551.3,567.9,16.600000000000023
1984,rain_mm,CRU-CY4.08,CRU-CY4.10,358.29999999999995,351.90000000000003,-6.39999999999992
1985,rain_mm,CRU-CY4.08,CRU-CY4.10,397.5,410.8,13.300000000000011
1986,rain_mm,CRU-CY4.08,CRU-CY4.10,328.1,330.1,2.0
1987,rain_mm,CRU-CY4.08,CRU-CY4.10,519.1,527.7,8.600000000000023
1988,rain_mm,CRU-CY4.08,CRU-CY4.10,567.0,566.4000000000001,-0.599999999999909
1989,rain_mm,CRU-CY4.08,CRU-CY4.10,380.3,380.6,0.30000000000001137
1990,rain_mm,CRU-CY4.08,CRU-CY4.10,413.4,418.00000000000006,4.60000000000008
1991,rain_mm,CRU-CY4.08,CRU-CY4.10,351.9,366.7,14.800000000000011
1992,rain_mm,CRU-CY4.08,CRU-CY4.10,716.9,719.0,2.1000000000000227
1993,rain_mm,CRU-CY4.08,CRU-CY4.10,460.30000000000007,491.3,30.999999999999943
1994,rain_mm,CRU-CY4.08,CRU-CY4.10,363.3,390.29999999999995,26.999999999999943
1995,rain_mm,CRU-CY4.08,CRU-CY4.10,493.6,514.7,21.100000000000023
1996,rain_mm,CRU-CY4.08,CRU-CY4.10,388.2,377.20000000000005,-10.999999999999943
1997,rain_mm,CRU-CY4.08,CRU-CY4.10,393.0,414.0,21.0
1998,rain_mm,CRU-CY4.08,CRU-CY4.10,439.19999999999993,442.5,3.300000000000068
1999,rain_mm,CRU-CY4.08,CRU-CY4.10,249.9,229.9,-20.0
2000,rain_mm,CRU-CY4.08,CRU-CY4.10,324.2,306.1,-18.099999999999966
2001,rain_mm,CRU-CY4.08,CRU-CY4.10,394.1,385.4,-8.700000000000045
2002,rain_mm,CRU-CY4.08,CRU-CY4.10,517.5,482.09999999999997,-35.400000000000034
2003,rain_mm,CRU-CY4.08,CRU-CY4.10,581.8000000000001,572.1,-9.700000000000045
2004,rain_mm,CRU-CY4.08,CRU-CY4.10,385.40000000000003,424.90000000000003,39.5
2005,rain_mm,CRU-CY4.08,CRU-CY4.10,374.0,341.90000000000003,-32.099999999999966
2006,rain_mm,CRU-CY4.08,CRU-CY4.10,352.9,372.5,19.600000000000023
2007,rain_mm,CRU-CY4.08,CRU-CY4.10,344.4,356.5,12.100000000000023
2008,rain_mm,CRU-CY4.08,CRU-CY4.10,312.6,290.6,-22.0
2009,rain_mm,CRU-CY4.08,CRU-CY4.10,289.3,276.2,-13.100000000000023
2010,rain_mm,CRU-CY4.08,CRU-CY4.10,377.2,410.6,33.400000000000034
2011,rain_mm,CRU-CY4.08,CRU-CY4.10,357.0,373.90000000000003,16.900000000000034
2012,rain_mm,CRU-CY4.08,CRU-CY4.10,464.19999999999993,415.0,-49.19999999999993
2013,rain_mm,CRU-CY4.08,CRU-CY4.10,453.9,469.6,15.700000000000045
2014,rain_mm,CRU-CY4.08,CRU-CY4.10,307.90000000000003,323.8,15.899999999999977
2015,rain_mm,CRU-CY4.08,CRU-CY4.10,484.1,469.8,-14.300000000000011
2016,rain_mm,CRU-CY4.08,CRU-CY4.10,355.59999999999997,347.8,-7.7999999999999545
2017,rain_mm,CRU-CY4.08,CRU-CY4.10,338.0,333.3,-4.699999999999989
2018,rain_mm,CRU-CY4.08,CRU-CY4.10,319.29999999999995,326.29999999999995,7.0
2019,rain_mm,CRU-CY4.08,CRU-CY4.10,514.9000000000001,525.0000000000001,10.100000000000023
2020,rain_mm,CRU-CY4.08,CRU-CY4.10,503.0,499.7,-3.3000000000000114
2021,rain_mm,CRU-CY4.08,CRU-CY4.10,406.70000000000005,395.09999999999997,-11.60000000000008
2022,rain_mm,CRU-CY4.08,CRU-CY4.10,483.0,492.80000000000007,9.800000000000068
2023,rain_mm,CRU-CY4.08,CRU-CY4.10,521.0,511.5,-9.5
1902,former_mm,CRU-CY4.08,CRU-CY4.10,45.8,43.5,-2.299999999999997
1903,former_mm,CRU-CY4.08,CRU-CY4.10,125.3,130.0,4.700000000000003
1904,former_mm,CRU-CY4.08,CRU-CY4.10,55.2,51.800000000000004,-3.3999999999999986
1905,former_mm,CRU-CY4.08,CRU-CY4.10,117.2,122.6,5.3999999999999915
1906,former_mm,CRU-CY4.08,CRU-CY4.10,40.9,35.8,-5.100000000000001
1907,former_mm,CRU-CY4.08,CRU-CY4.10,71.2,66.1,-5.1000000000000085
1908,former_mm,CRU-CY4.08,CRU-CY4.10,99.4,91.2,-8.200000000000003
1909,former_mm,CRU-CY4.08,CRU-CY4.10,80.0,75.10000000000001,-4.8999999999999915
1910,former_mm,CRU-CY4.08,CRU-CY4.10,90.6,94.0,3.4000000000000057
1911,former_mm,CRU-CY4.08,CRU-CY4.10,59.9,58.7,-1.1999999999999957
1912,former_mm,CRU-CY4.08,CRU-CY4.10,70.3,73.3,3.0
1913,former_mm,CRU-CY4.08,CRU-CY4.10,79.3,85.30000000000001,6.000000000000014
1914,former_mm,CRU-CY4.08,CRU-CY4.10,74.19999999999999,76.5,2.3000000000000114
1915,former_mm,CRU-CY4.08,CRU-CY4.10,154.70000000000002,164.5,9.799999999999983
1916,former_mm,CRU-CY4.08,CRU-CY4.10,51.4,51.4,0.0
1917,former_mm,CRU-CY4.08,CRU-CY4.10,33.3,28.8,-4.4999999999999964
1918,former_mm,CRU-CY4.08,CRU-CY4.10,44.1,40.7,-3.3999999999999986
1919,former_mm,CRU-CY4.08,CRU-CY4.10,119.6,121.5,1.9000000000000057
1920,former_mm,CRU-CY4.08,CRU-CY4.10,48.4,46.199999999999996,-2.200000000000003
1921,former_mm,CRU-CY4.08,CRU-CY4.10,74.6,71.89999999999999,-2.700000000000003
1922,former_mm,CRU-CY4.08,CRU-CY4.10,39.1,38.5,-0.6000000000000014
1923,former_mm,CRU-CY4.08,CRU-CY4.10,47.099999999999994,44.800000000000004,-2.29999999999999
1924,former_mm,CRU-CY4.08,CRU-CY4.10,45.2,44.5,-0.7000000000000028
1925,former_mm,CRU-CY4.08,CRU-CY4.10,118.3,114.6,-3.700000000000003
1926,former_mm,CRU-CY4.08,CRU-CY4.10,75.6,73.1,-2.5
1927,former_mm,CRU-CY4.08,CRU-CY4.10,20.4,20.7,0.3000000000000007
1928,former_mm,CRU-CY4.08,CRU-CY4.10,53.1,56.0,2.8999999999999986
1929,former_mm,CRU-CY4.08,CRU-CY4.10,55.0,48.0,-7.0
1930,former_mm,CRU-CY4.08,CRU-CY4.10,89.0,108.10000000000001,19.10000000000001
1931,former_mm,CRU-CY4.08,CRU-CY4.10,46.8,45.0,-1.7999999999999972
1932,former_mm,CRU-CY4.08,CRU-CY4.10,41.7,46.1,4.399999999999999
1933,former_mm,CRU-CY4.08,CRU-CY4.10,49.2,39.3,-9.900000000000006
1934,former_mm,CRU-CY4.08,CRU-CY4.10,21.5,22.8,1.3000000000000007
1935,former_mm,CRU-CY4.08,CRU-CY4.10,14.0,12.9,-1.0999999999999996
1936,former_mm,CRU-CY4.08,CRU-CY4.10,94.4,96.80000000000001,2.4000000000000057
1937,former_mm,CRU-CY4.08,CRU-CY4.10,136.1,149.9,13.800000000000011
1938,former_mm,CRU-CY4.08,CRU-CY4.10,89.5,115.2,25.700000000000003
1939,former_mm,CRU-CY4.08,CRU-CY4.10,148.0,160.0,12.0
1940,former_mm,CRU-CY4.08,CRU-CY4.10,108.8,132.6,23.799999999999997
1941,former_mm,CRU-CY4.08,CRU-CY4.10,100.3,95.4,-4.8999999999999915
1942,former_mm,CRU-CY4.08,CRU-CY4.10,19.3,22.2,2.8999999999999986
1943,former_mm,CRU-CY4.08,CRU-CY4.10,119.6,121.39999999999999,1.7999999999999972
1944,former_mm,CRU-CY4.08,CRU-CY4.10,20.6,21.3,0.6999999999999993
1945,former_mm,CRU-CY4.08,CRU-CY4.10,204.5,212.2,7.699999999999989
1946,former_mm,CRU-CY4.08,CRU-CY4.10,74.10000000000001,72.6,-1.5000000000000142
1947,former_mm,CRU-CY4.08,CRU-CY4.10,10.7,7.8,-2.8999999999999995
1948,former_mm,CRU-CY4.08,CRU-CY4.10,70.8,95.4,24.60000000000001
1949,former_mm,CRU-CY4.08,CRU-CY4.10,50.4,50.300000000000004,-0.09999999999999432
1950,former_mm,CRU-CY4.08,CRU-CY4.10,6.5,6.0,-0.5
1951,former_mm,CRU-CY4.08,CRU-CY4.10,46.400000000000006,44.5,-1.9000000000000057
1952,former_mm,CRU-CY4.08,CRU-CY4.10,54.0,48.9,-5.100000000000001
1953,former_mm,CRU-CY4.08,CRU-CY4.10,37.400000000000006,31.3,-6.100000000000005
1954,former_mm,CRU-CY4.08,CRU-CY4.10,134.20000000000002,137.0,2.799999999999983
1955,former_mm,CRU-CY4.08,CRU-CY4.10,72.6,77.1,4.5
1956,former_mm,CRU-CY4.08,CRU-CY4.10,144.6,149.1,4.5
1957,former_mm,CRU-CY4.08,CRU-CY4.10,22.0,19.9,-2.1000000000000014
1958,former_mm,CRU-CY4.08,CRU-CY4.10,59.3,65.1,5.799999999999997
1959,former_mm,CRU-CY4.08,CRU-CY4.10,14.8,13.0,-1.8000000000000007
1960,former_mm,CRU-CY4.08,CRU-CY4.10,25.5,23.0,-2.5
1961,former_mm,CRU-CY4.08,CRU-CY4.10,68.6,69.6,1.0
1962,former_mm,CRU-CY4.08,CRU-CY4.10,38.9,38.1,-0.7999999999999972
1963,former_mm,CRU-CY4.08,CRU-CY4.10,20.6,16.8,-3.8000000000000007
1964,former_mm,CRU-CY4.08,CRU-CY4.10,72.4,75.5,3.0999999999999943
1965,former_mm,CRU-CY4.08,CRU-CY4.10,129.3,136.39999999999998,7.099999999999966
1966,former_mm,CRU-CY4.08,CRU-CY4.10,75.0,75.1,0.09999999999999432
1967,former_mm,CRU-CY4.08,CRU-CY4.10,56.900000000000006,58.8,1.8999999999999915
1968,former_mm,CRU-CY4.08,CRU-CY4.10,99.69999999999999,113.4,13.700000000000017
1969,former_mm,CRU-CY4.08,CRU-CY4.10,73.0,71.30000000000001,-1.6999999999999886
1970,former_mm,CRU-CY4.08,CRU-CY4.10,72.2,75.7,3.5
1971,former_mm,CRU-CY4.08,CRU-CY4.10,47.3,47.599999999999994,0.29999999999999716
1972,former_mm,CRU-CY4.08,CRU-CY4.10,56.0,52.699999999999996,-3.3000000000000043
1973,former_mm,CRU-CY4.08,CRU-CY4.10,55.8,54.7,-1.0999999999999943
1974,former_mm,CRU-CY4.08,CRU-CY4.10,89.0,93.9,4.900000000000006
1975,former_mm,CRU-CY4.08,CRU-CY4.10,52.900000000000006,46.1,-6.800000000000004
1976,former_mm,CRU-CY4.08,CRU-CY4.10,51.0,47.6,-3.3999999999999986
1977,former_mm,CRU-CY4.08,CRU-CY4.10,88.7,95.2,6.5
1978,former_mm,CRU-CY4.08,CRU-CY4.10,67.4,56.0,-11.400000000000006
1979,former_mm,CRU-CY4.08,CRU-CY4.10,40.3,42.1,1.8000000000000043
1980,former_mm,CRU-CY4.08,CRU-CY4.10,162.6,155.9,-6.699999999999989
1981,former_mm,CRU-CY4.08,CRU-CY4.10,34.4,28.3,-6.099999999999998
1982,former_mm,CRU-CY4.08,CRU-CY4.10,67.9,65.2,-2.700000000000003
1983,former_mm,CRU-CY4.08,CRU-CY4.10,96.1,101.60000000000001,5.500000000000014
1984,former_mm,CRU-CY4.08,CRU-CY4.10,61.199999999999996,60.8,-0.3999999999999986
1985,former_mm,CRU-CY4.08,CRU-CY4.10,61.4,64.1,2.6999999999999957
1986,former_mm,CRU-CY4.08,CRU-CY4.10,43.0,39.0,-4.0
1987,former_mm,CRU-CY4.08,CRU-CY4.10,232.8,247.7,14.899999999999977
1988,former_mm,CRU-CY4.08,CRU-CY4.10,69.9,59.1,-10.800000000000004
1989,former_mm,CRU-CY4.08,CRU-CY4.10,59.7,53.1,-6.600000000000001
1990,former_mm,CRU-CY4.08,CRU-CY4.10,84.2,86.4,2.200000000000003
1991,former_mm,CRU-CY4.08,CRU-CY4.10,31.299999999999997,30.1,-1.1999999999999957
1992,former_mm,CRU-CY4.08,CRU-CY4.10,113.0,103.5,-9.5
1993,former_mm,CRU-CY4.08,CRU-CY4.10,58.800000000000004,65.4,6.600000000000001
1994,former_mm,CRU-CY4.08,CRU-CY4.10,45.2,45.5,0.29999999999999716
1995,former_mm,CRU-CY4.08,CRU-CY4.10,205.9,225.3,19.400000000000006
1996,former_mm,CRU-CY4.08,CRU-CY4.10,75.4,69.30000000000001,-6.099999999999994
1997,former_mm,CRU-CY4.08,CRU-CY4.10,47.2,46.0,-1.2000000000000028
1998,former_mm,CRU-CY4.08,CRU-CY4.10,76.19999999999999,79.1,2.9000000000000057
1999,former_mm,CRU-CY4.08,CRU-CY4.10,13.7,7.3999999999999995,-6.3
2000,former_mm,CRU-CY4.08,CRU-CY4.10,21.7,18.4,-3.3000000000000007
2001,former_mm,CRU-CY4.08,CRU-CY4.10,74.8,72.4,-2.3999999999999915
2002,former_mm,CRU-CY4.08,CRU-CY4.10,75.8,70.5,-5.299999999999997
2003,former_mm,CRU-CY4.08,CRU-CY4.10,45.300000000000004,60.2,14.899999999999999
2004,former_mm,CRU-CY4.08,CRU-CY4.10,37.0,36.5,-0.5
2005,former_mm,CRU-CY4.08,CRU-CY4.10,79.0,66.0,-13.0
2006,former_mm,CRU-CY4.08,CRU-CY4.10,49.8,78.0,28.200000000000003
2007,former_mm,CRU-CY4.08,CRU-CY4.10,61.800000000000004,61.599999999999994,-0.20000000000000995
2008,former_mm,CRU-CY4.08,CRU-CY4.10,65.9,56.6,-9.300000000000004
2009,former_mm,CRU-CY4.08,CRU-CY4.10,41.4,39.9,-1.5
2010,former_mm,CRU-CY4.08,CRU-CY4.10,85.2,81.2,-4.0
2011,former_mm,CRU-CY4.08,CRU-CY4.10,6.3,7.4,1.1000000000000005
2012,former_mm,CRU-CY4.08,CRU-CY4.10,94.89999999999999,85.30000000000001,-9.59999999999998
2013,former_mm,CRU-CY4.08,CRU-CY4.10,99.0,102.3,3.299999999999997
2014,former_mm,CRU-CY4.08,CRU-CY4.10,22.0,24.900000000000002,2.900000000000002
2015,former_mm,CRU-CY4.08,CRU-CY4.10,138.4,130.1,-8.300000000000011
2016,former_mm,CRU-CY4.08,CRU-CY4.10,94.69999999999999,97.6,2.9000000000000057
2017,former_mm,CRU-CY4.08,CRU-CY4.10,27.1,32.3,5.199999999999996
2018,former_mm,CRU-CY4.08,CRU-CY4.10,27.799999999999997,26.5,-1.2999999999999972
2019,former_mm,CRU-CY4.08,CRU-CY4.10,67.7,70.3,2.5999999999999943
2020,former_mm,CRU-CY4.08,CRU-CY4.10,24.6,25.0,0.3999999999999986
2021,former_mm,CRU-CY4.08,CRU-CY4.10,131.8,134.1,2.299999999999983
2022,former_mm,CRU-CY4.08,CRU-CY4.10,39.8,41.5,1.7000000000000028
2023,former_mm,CRU-CY4.08,CRU-CY4.10,106.1,113.6,7.5
2024,former_mm,CRU-CY4.08,CRU-CY4.10,89.3,89.3,0.0
1901,latter_mm,CRU-CY4.08,CRU-CY4.10,24.4,20.200000000000003,-4.199999999999996
1902,latter_mm,CRU-CY4.08,CRU-CY4.10,73.2,72.7,-0.5
1903,latter_mm,CRU-CY4.08,CRU-CY4.10,59.1,58.599999999999994,-0.5000000000000071
1904,latter_mm,CRU-CY4.08,CRU-CY4.10,90.4,89.19999999999999,-1.200000000000017
1905,latter_mm,CRU-CY4.08,CRU-CY4.10,119.8,127.0,7.200000000000003
1906,latter_mm,CRU-CY4.08,CRU-CY4.10,99.19999999999999,100.80000000000001,1.6000000000000227
1907,latter_mm,CRU-CY4.08,CRU-CY4.10,84.1,81.7,-2.3999999999999915
1908,latter_mm,CRU-CY4.08,CRU-CY4.10,118.4,120.5,2.0999999999999943
1909,latter_mm,CRU-CY4.08,CRU-CY4.10,83.6,92.19999999999999,8.599999999999994
1910,latter_mm,CRU-CY4.08,CRU-CY4.10,128.6,134.5,5.900000000000006
1911,latter_mm,CRU-CY4.08,CRU-CY4.10,122.1,122.19999999999999,0.09999999999999432
1912,latter_mm,CRU-CY4.08,CRU-CY4.10,65.19999999999999,63.400000000000006,-1.799999999999983
1913,latter_mm,CRU-CY4.08,CRU-CY4.10,55.5,51.7,-3.799999999999997
1914,latter_mm,CRU-CY4.08,CRU-CY4.10,97.1,99.69999999999999,2.5999999999999943
1915,latter_mm,CRU-CY4.08,CRU-CY4.10,90.2,91.7,1.5
1916,latter_mm,CRU-CY4.08,CRU-CY4.10,116.89999999999999,126.4,9.500000000000014
1917,latter_mm,CRU-CY4.08,CRU-CY4.10,42.0,38.6,-3.3999999999999986
1918,latter_mm,CRU-CY4.08,CRU-CY4.10,106.89999999999999,111.9,5.000000000000014
1919,latter_mm,CRU-CY4.08,CRU-CY4.10,59.9,57.4,-2.5
1920,latter_mm,CRU-CY4.08,CRU-CY4.10,90.1,94.9,4.800000000000011
1921,latter_mm,CRU-CY4.08,CRU-CY4.10,61.9,61.099999999999994,-0.8000000000000043
1922,latter_mm,CRU-CY4.08,CRU-CY4.10,37.4,38.5,1.1000000000000014
1923,latter_mm,CRU-CY4.08,CRU-CY4.10,53.8,52.3,-1.5
1924,latter_mm,CRU-CY4.08,CRU-CY4.10,51.0,49.800000000000004,-1.1999999999999957
1925,latter_mm,CRU-CY4.08,CRU-CY4.10,71.3,70.8,-0.5
1926,latter_mm,CRU-CY4.08,CRU-CY4.10,103.5,103.8,0.29999999999999716
1927,latter_mm,CRU-CY4.08,CRU-CY4.10,62.0,61.0,-1.0
1928,latter_mm,CRU-CY4.08,CRU-CY4.10,13.5,13.1,-0.40000000000000036
1929,latter_mm,CRU-CY4.08,CRU-CY4.10,67.7,63.3,-4.400000000000006
1930,latter_mm,CRU-CY4.08,CRU-CY4.10,53.599999999999994,41.9,-11.699999999999996
1931,latter_mm,CRU-CY4.08,CRU-CY4.10,60.7,61.3,0.5999999999999943
1932,latter_mm,CRU-CY4.08,CRU-CY4.10,28.9,27.0,-1.8999999999999986
1933,latter_mm,CRU-CY4.08,CRU-CY4.10,63.1,61.9,-1.2000000000000028
1934,latter_mm,CRU-CY4.08,CRU-CY4.10,29.9,29.2,-0.6999999999999993
1935,latter_mm,CRU-CY4.08,CRU-CY4.10,43.099999999999994,42.1,-0.9999999999999929
1936,latter_mm,CRU-CY4.08,CRU-CY4.10,42.5,37.7,-4.799999999999997
1937,latter_mm,CRU-CY4.08,CRU-CY4.10,42.9,48.0,5.100000000000001
1938,latter_mm,CRU-CY4.08,CRU-CY4.10,66.2,65.5,-0.7000000000000028
1939,latter_mm,CRU-CY4.08,CRU-CY4.10,97.89999999999999,104.9,7.000000000000014
1940,latter_mm,CRU-CY4.08,CRU-CY4.10,74.2,76.5,2.299999999999997
1941,latter_mm,CRU-CY4.08,CRU-CY4.10,73.1,80.8,7.700000000000003
1942,latter_mm,CRU-CY4.08,CRU-CY4.10,95.0,104.1,9.099999999999994
1943,latter_mm,CRU-CY4.08,CRU-CY4.10,156.7,164.89999999999998,8.199999999999989
1944,latter_mm,CRU-CY4.08,CRU-CY4.10,56.5,64.10000000000001,7.6000000000000085
1945,latter_mm,CRU-CY4.08,CRU-CY4.10,43.3,45.8,2.5
1946,latter_mm,CRU-CY4.08,CRU-CY4.10,39.6,38.4,-1.2000000000000028
1947,latter_mm,CRU-CY4.08,CRU-CY4.10,50.3,59.7,9.400000000000006
1948,latter_mm,CRU-CY4.08,CRU-CY4.10,115.30000000000001,115.69999999999999,0.39999999999997726
1949,latter_mm,CRU-CY4.08,CRU-CY4.10,150.5,152.6,2.0999999999999943
1950,latter_mm,CRU-CY4.08,CRU-CY4.10,52.0,51.300000000000004,-0.6999999999999957
1951,latter_mm,CRU-CY4.08,CRU-CY4.10,46.1,42.0,-4.100000000000001
1952,latter_mm,CRU-CY4.08,CRU-CY4.10,58.9,58.199999999999996,-0.7000000000000028
1953,latter_mm,CRU-CY4.08,CRU-CY4.10,139.8,149.7,9.899999999999977
1954,latter_mm,CRU-CY4.08,CRU-CY4.10,54.5,59.6,5.100000000000001
1955,latter_mm,CRU-CY4.08,CRU-CY4.10,52.9,48.6,-4.299999999999997
1956,latter_mm,CRU-CY4.08,CRU-CY4.10,84.69999999999999,87.39999999999999,2.700000000000003
1957,latter_mm,CRU-CY4.08,CRU-CY4.10,102.3,103.69999999999999,1.3999999999999915
1958,latter_mm,CRU-CY4.08,CRU-CY4.10,17.5,15.2,-2.3000000000000007
1959,latter_mm,CRU-CY4.08,CRU-CY4.10,46.199999999999996,49.599999999999994,3.3999999999999986
1960,latter_mm,CRU-CY4.08,CRU-CY4.10,74.3,72.5,-1.7999999999999972
1961,latter_mm,CRU-CY4.08,CRU-CY4.10,46.5,43.0,-3.5
1962,latter_mm,CRU-CY4.08,CRU-CY4.10,24.3,24.0,-0.3000000000000007
1963,latter_mm,CRU-CY4.08,CRU-CY4.10,58.7,51.400000000000006,-7.299999999999997
1964,latter_mm,CRU-CY4.08,CRU-CY4.10,69.7,67.5,-2.200000000000003
1965,latter_mm,CRU-CY4.08,CRU-CY4.10,76.3,72.4,-3.8999999999999915
1966,latter_mm,CRU-CY4.08,CRU-CY4.10,76.2,73.19999999999999,-3.000000000000014
1967,latter_mm,CRU-CY4.08,CRU-CY4.10,122.4,113.0,-9.400000000000006
1968,latter_mm,CRU-CY4.08,CRU-CY4.10,52.5,55.3,2.799999999999997
1969,latter_mm,CRU-CY4.08,CRU-CY4.10,120.9,119.3,-1.6000000000000085
1970,latter_mm,CRU-CY4.08,CRU-CY4.10,106.4,107.69999999999999,1.299999999999983
1971,latter_mm,CRU-CY4.08,CRU-CY4.10,151.0,150.0,-1.0
1972,latter_mm,CRU-CY4.08,CRU-CY4.10,94.7,99.89999999999999,5.199999999999989
1973,latter_mm,CRU-CY4.08,CRU-CY4.10,70.5,67.9,-2.5999999999999943
1974,latter_mm,CRU-CY4.08,CRU-CY4.10,83.5,88.0,4.5
1975,latter_mm,CRU-CY4.08,CRU-CY4.10,48.099999999999994,43.7,-4.3999999999999915
1976,latter_mm,CRU-CY4.08,CRU-CY4.10,89.8,92.0,2.200000000000003
1977,latter_mm,CRU-CY4.08,CRU-CY4.10,135.60000000000002,137.3,1.6999999999999886
1978,latter_mm,CRU-CY4.08,CRU-CY4.10,77.39999999999999,72.7,-4.699999999999989
1979,latter_mm,CRU-CY4.08,CRU-CY4.10,55.099999999999994,56.2,1.1000000000000085
1980,latter_mm,CRU-CY4.08,CRU-CY4.10,96.0,93.5,-2.5
1981,latter_mm,CRU-CY4.08,CRU-CY4.10,59.4,65.19999999999999,5.79999999999999
1982,latter_mm,CRU-CY4.08,CRU-CY4.10,79.30000000000001,75.4,-3.9000000000000057
1983,latter_mm,CRU-CY4.08,CRU-CY4.10,97.4,99.10000000000001,1.7000000000000028
1984,latter_mm,CRU-CY4.08,CRU-CY4.10,124.1,120.0,-4.099999999999994
1985,latter_mm,CRU-CY4.08,CRU-CY4.10,53.5,62.4,8.899999999999999
1986,latter_mm,CRU-CY4.08,CRU-CY4.10,32.2,38.2,6.0
1987,latter_mm,CRU-CY4.08,CRU-CY4.10,74.39999999999999,73.0,-1.3999999999999915
1988,latter_mm,CRU-CY4.08,CRU-CY4.10,73.0,72.1,-0.9000000000000057
1989,latter_mm,CRU-CY4.08,CRU-CY4.10,62.7,61.8,-0.9000000000000057
1990,latter_mm,CRU-CY4.08,CRU-CY4.10,79.8,91.6,11.799999999999997
1991,latter_mm,CRU-CY4.08,CRU-CY4.10,98.0,108.4,10.400000000000006
1992,latter_mm,CRU-CY4.08,CRU-CY4.10,35.2,34.1,-1.1000000000000014
1993,latter_mm,CRU-CY4.08,CRU-CY4.10,32.9,28.9,-4.0
1994,latter_mm,CRU-CY4.08,CRU-CY4.10,66.10000000000001,69.0,2.8999999999999915
1995,latter_mm,CRU-CY4.08,CRU-CY4.10,48.7,56.199999999999996,7.499999999999993
1996,latter_mm,CRU-CY4.08,CRU-CY4.10,108.5,102.5,-6.0
1997,latter_mm,CRU-CY4.08,CRU-CY4.10,93.2,95.80000000000001,2.6000000000000085
1998,latter_mm,CRU-CY4.08,CRU-CY4.10,96.7,104.39999999999999,7.699999999999989
1999,latter_mm,CRU-CY4.08,CRU-CY4.10,52.400000000000006,45.3,-7.1000000000000085
2000,latter_mm,CRU-CY4.08,CRU-CY4.10,51.699999999999996,45.9,-5.799999999999997
2001,latter_mm,CRU-CY4.08,CRU-CY4.10,27.799999999999997,39.7,11.900000000000006
2002,latter_mm,CRU-CY4.08,CRU-CY4.10,85.5,82.4,-3.0999999999999943
2003,latter_mm,CRU-CY4.08,CRU-CY4.10,119.8,110.10000000000001,-9.699999999999989
2004,latter_mm,CRU-CY4.08,CRU-CY4.10,21.4,35.1,13.700000000000003
2005,latter_mm,CRU-CY4.08,CRU-CY4.10,46.9,46.4,-0.5
2006,latter_mm,CRU-CY4.08,CRU-CY4.10,83.5,70.6,-12.900000000000006
2007,latter_mm,CRU-CY4.08,CRU-CY4.10,54.7,55.7,1.0
2008,latter_mm,CRU-CY4.08,CRU-CY4.10,7.3,4.5,-2.8
2009,latter_mm,CRU-CY4.08,CRU-CY4.10,44.2,42.4,-1.8000000000000043
2010,latter_mm,CRU-CY4.08,CRU-CY4.10,12.0,17.5,5.5
2011,latter_mm,CRU-CY4.08,CRU-CY4.10,96.0,94.1,-1.9000000000000057
2012,latter_mm,CRU-CY4.08,CRU-CY4.10,65.1,69.4,4.300000000000011
2013,latter_mm,CRU-CY4.08,CRU-CY4.10,26.4,24.3,-2.099999999999998
2014,latter_mm,CRU-CY4.08,CRU-CY4.10,64.2,64.69999999999999,0.4999999999999858
2015,latter_mm,CRU-CY4.08,CRU-CY4.10,57.7,58.0,0.29999999999999716
2016,latter_mm,CRU-CY4.08,CRU-CY4.10,57.400000000000006,59.5,2.0999999999999943
2017,latter_mm,CRU-CY4.08,CRU-CY4.10,39.5,37.0,-2.5
2018,latter_mm,CRU-CY4.08,CRU-CY4.10,36.9,39.7,2.8000000000000043
2019,latter_mm,CRU-CY4.08,CRU-CY4.10,82.7,80.9,-1.7999999999999972
2020,latter_mm,CRU-CY4.08,CRU-CY4.10,86.1,83.2,-2.8999999999999915
2021,latter_mm,CRU-CY4.08,CRU-CY4.10,29.4,29.5,0.10000000000000142
2022,latter_mm,CRU-CY4.08,CRU-CY4.10,61.7,52.0,-9.700000000000003
2023,latter_mm,CRU-CY4.08,CRU-CY4.10,90.4,83.7,-6.700000000000003
1901,spring_tmx_c,CRU-CY4.08,CRU-CY4.10,24.058695652173913,23.559782608695652,-0.49891304347826093
1902,spring_tmx_c,CRU-CY4.08,CRU-CY4.10,22.4304347826087,22.4304347826087,0.0
1903,spring_tmx_c,CRU-CY4.08,CRU-CY4.10,22.46413043478261,22.43152173913044,-0.03260869565217206
1904,spring_tmx_c,CRU-CY4.08,CRU-CY4.10,21.93586956521739,21.93586956521739,0.0
1905,spring_tmx_c,CRU-CY4.08,CRU-CY4.10,22.36086956521739,22.36086956521739,0.0
1906,spring_tmx_c,CRU-CY4.08,CRU-CY4.10,22.528260869565216,22.528260869565216,0.0
1907,spring_tmx_c,CRU-CY4.08,CRU-CY4.10,21.660869565217393,21.660869565217393,0.0
1908,spring_tmx_c,CRU-CY4.08,CRU-CY4.10,23.101086956521737,23.101086956521737,0.0
1909,spring_tmx_c,CRU-CY4.08,CRU-CY4.10,23.827173913043477,23.827173913043477,0.0
1910,spring_tmx_c,CRU-CY4.08,CRU-CY4.10,22.34891304347826,22.34891304347826,0.0
1911,spring_tmx_c,CRU-CY4.08,CRU-CY4.10,22.297826086956523,22.297826086956523,0.0
1912,spring_tmx_c,CRU-CY4.08,CRU-CY4.10,22.19347826086957,22.19347826086957,0.0
1913,spring_tmx_c,CRU-CY4.08,CRU-CY4.10,22.356521739130432,22.356521739130432,0.0
1914,spring_tmx_c,CRU-CY4.08,CRU-CY4.10,22.81847826086957,22.81847826086957,0.0
1915,spring_tmx_c,CRU-CY4.08,CRU-CY4.10,23.202173913043477,23.168478260869566,-0.03369565217391113
1916,spring_tmx_c,CRU-CY4.08,CRU-CY4.10,24.472826086956523,24.472826086956523,0.0
1917,spring_tmx_c,CRU-CY4.08,CRU-CY4.10,24.731521739130436,24.128260869565214,-0.6032608695652222
1918,spring_tmx_c,CRU-CY4.08,CRU-CY4.10,22.995652173913044,22.995652173913044,0.0
1919,spring_tmx_c,CRU-CY4.08,CRU-CY4.10,23.13586956521739,23.13586956521739,0.0
1920,spring_tmx_c,CRU-CY4.08,CRU-CY4.10,23.222826086956523,23.222826086956523,0.0
1921,spring_tmx_c,CRU-CY4.08,CRU-CY4.10,22.454347826086952,22.454347826086952,0.0
1922,spring_tmx_c,CRU-CY4.08,CRU-CY4.10,23.296739130434784,23.296739130434784,0.0
1923,spring_tmx_c,CRU-CY4.08,CRU-CY4.10,24.67391304347826,24.505434782608695,-0.1684782608695663
1924,spring_tmx_c,CRU-CY4.08,CRU-CY4.10,24.721739130434784,24.653260869565216,-0.06847826086956843
1925,spring_tmx_c,CRU-CY4.08,CRU-CY4.10,25.42391304347826,24.686956521739127,-0.7369565217391347
1926,spring_tmx_c,CRU-CY4.08,CRU-CY4.10,24.892391304347825,24.426086956521736,-0.46630434782608887
1927,spring_tmx_c,CRU-CY4.08,CRU-CY4.10,25.918478260869566,24.915217391304346,-1.0032608695652208
1928,spring_tmx_c,CRU-CY4.08,CRU-CY4.10,26.24673913043478,26.01413043478261,-0.2326086956521678
1929,spring_tmx_c,CRU-CY4.08,CRU-CY4.10,24.832608695652173,24.667391304347827,-0.16521739130434554
1930,spring_tmx_c,CRU-CY4.08,CRU-CY4.10,25.9304347826087,24.895652173913046,-1.0347826086956537
1931,spring_tmx_c,CRU-CY4.08,CRU-CY4.10,25.333695652173912,24.467391304347824,-0.8663043478260875
1932,spring_tmx_c,CRU-CY4.08,CRU-CY4.10,24.797826086956523,24.032608695652176,-0.765217391304347
1933,spring_tmx_c,CRU-CY4.08,CRU-CY4.10,22.044565217391302,22.044565217391302,0.0
1934,spring_tmx_c,CRU-CY4.08,CRU-CY4.10,25.960869565217394,25.12826086956522,-0.8326086956521728
1935,spring_tmx_c,CRU-CY4.08,CRU-CY4.10,26.075,25.309782608695652,-0.765217391304347
1936,spring_tmx_c,CRU-CY4.08,CRU-CY4.10,25.291304347826085,25.028260869565216,-0.2630434782608688
1937,spring_tmx_c,CRU-CY4.08,CRU-CY4.10,25.430434782608696,25.16304347826087,-0.2673913043478251
1938,spring_tmx_c,CRU-CY4.08,CRU-CY4.10,23.04891304347826,23.14782608695652,0.0989130434782588
1939,spring_tmx_c,CRU-CY4.08,CRU-CY4.10,24.76413043478261,24.830434782608698,0.06630434782608674
1940,spring_tmx_c,CRU-CY4.08,CRU-CY4.10,23.790217391304346,23.724999999999998,-0.06521739130434767
1941,spring_tmx_c,CRU-CY4.08,CRU-CY4.10,24.365217391304352,24.365217391304352,0.0
1942,spring_tmx_c,CRU-CY4.08,CRU-CY4.10,24.161956521739125,24.161956521739125,0.0
1943,spring_tmx_c,CRU-CY4.08,CRU-CY4.10,21.2,21.2,0.0
1944,spring_tmx_c,CRU-CY4.08,CRU-CY4.10,23.95434782608696,24.054347826086957,0.09999999999999787
1945,spring_tmx_c,CRU-CY4.08,CRU-CY4.10,23.03804347826087,23.039130434782606,0.001086956521735516
1946,spring_tmx_c,CRU-CY4.08,CRU-CY4.10,23.79021739130435,23.756521739130438,-0.03369565217391113
1947,spring_tmx_c,CRU-CY4.08,CRU-CY4.10,25.471739130434784,25.472826086956523,0.0010869565217390686
1948,spring_tmx_c,CRU-CY4.08,CRU-CY4.10,22.06413043478261,22.06413043478261,0.0
1949,spring_tmx_c,CRU-CY4.08,CRU-CY4.10,22.31847826086957,22.35217391304348,0.03369565217391113
1950,spring_tmx_c,CRU-CY4.08,CRU-CY4.10,23.245652173913044,23.311956521739127,0.06630434782608319
1951,spring_tmx_c,CRU-CY4.08,CRU-CY4.10,25.0,24.96630434782609,-0.03369565217391113
1952,spring_tmx_c,CRU-CY4.08,CRU-CY4.10,23.39021739130435,23.391304347826086,0.001086956521735516
1953,spring_tmx_c,CRU-CY4.08,CRU-CY4.10,22.689130434782605,22.65652173913043,-0.03260869565217561
1954,spring_tmx_c,CRU-CY4.08,CRU-CY4.10,23.583695652173915,23.650000000000002,0.06630434782608674
1955,spring_tmx_c,CRU-CY4.08,CRU-CY4.10,23.96521739130435,23.997826086956525,0.03260869565217561
1956,spring_tmx_c,CRU-CY4.08,CRU-CY4.10,22.35326086956522,22.35326086956522,0.0
1957,spring_tmx_c,CRU-CY4.08,CRU-CY4.10,23.29673913043478,23.16304347826087,-0.133695652173909
1958,spring_tmx_c,CRU-CY4.08,CRU-CY4.10,24.953260869565216,24.78804347826087,-0.16521739130434554
1959,spring_tmx_c,CRU-CY4.08,CRU-CY4.10,24.090217391304346,23.89021739130435,-0.19999999999999574
1960,spring_tmx_c,CRU-CY4.08,CRU-CY4.10,25.37391304347826,25.072826086956525,-0.3010869565217362
1961,spring_tmx_c,CRU-CY4.08,CRU-CY4.10,23.294565217391302,23.32608695652174,0.031521739130436544
1962,spring_tmx_c,CRU-CY4.08,CRU-CY4.10,24.347826086956523,24.414130434782606,0.06630434782608319
1963,spring_tmx_c,CRU-CY4.08,CRU-CY4.10,22.620652173913047,22.719565217391303,0.09891304347825525
1964,spring_tmx_c,CRU-CY4.08,CRU-CY4.10,23.00108695652174,23.101086956521737,0.09999999999999787
1965,spring_tmx_c,CRU-CY4.08,CRU-CY4.10,23.47717391304348,23.51086956521739,0.03369565217391113
1966,spring_tmx_c,CRU-CY4.08,CRU-CY4.10,24.156521739130437,24.422826086956523,0.26630434782608603
1967,spring_tmx_c,CRU-CY4.08,CRU-CY4.10,21.856521739130432,21.820652173913043,-0.035869565217389265
1968,spring_tmx_c,CRU-CY4.08,CRU-CY4.10,23.858695652173914,23.925,0.06630434782608674
1969,spring_tmx_c,CRU-CY4.08,CRU-CY4.10,23.618478260869566,23.554347826086957,-0.0641304347826086
1970,spring_tmx_c,CRU-CY4.08,CRU-CY4.10,24.48913043478261,24.689130434782605,0.19999999999999574
1971,spring_tmx_c,CRU-CY4.08,CRU-CY4.10,23.220652173913045,23.321739130434782,0.10108695652173694
1972,spring_tmx_c,CRU-CY4.08,CRU-CY4.10,23.315217391304348,23.382608695652177,0.06739130434782936
1973,spring_tmx_c,CRU-CY4.08,CRU-CY4.10,23.268478260869564,23.33478260869565,0.06630434782608674
1974,spring_tmx_c,CRU-CY4.08,CRU-CY4.10,23.131521739130434,23.297826086956523,0.16630434782608816
1975,spring_tmx_c,CRU-CY4.08,CRU-CY4.10,23.982608695652175,24.01521739130435,0.03260869565217561
1976,spring_tmx_c,CRU-CY4.08,CRU-CY4.10,22.932608695652174,22.86521739130435,-0.06739130434782581
1977,spring_tmx_c,CRU-CY4.08,CRU-CY4.10,22.969565217391303,22.904347826086955,-0.06521739130434767
1978,spring_tmx_c,CRU-CY4.08,CRU-CY4.10,24.13478260869565,24.268478260869568,0.1336956521739161
1979,spring_tmx_c,CRU-CY4.08,CRU-CY4.10,24.289130434782606,24.256521739130434,-0.03260869565217206
1980,spring_tmx_c,CRU-CY4.08,CRU-CY4.10,23.497826086956525,23.43152173913044,-0.06630434782608674
1981,spring_tmx_c,CRU-CY4.08,CRU-CY4.10,23.294565217391302,23.226086956521737,-0.06847826086956488
1982,spring_tmx_c,CRU-CY4.08,CRU-CY4.10,22.611956521739128,22.544565217391302,-0.06739130434782581
1983,spring_tmx_c,CRU-CY4.08,CRU-CY4.10,22.1,22.099999999999998,-3.552713678800501e-15
1984,spring_tmx_c,CRU-CY4.08,CRU-CY4.10,23.644565217391307,23.54565217391304,-0.0989130434782659
1985,spring_tmx_c,CRU-CY4.08,CRU-CY4.10,23.60108695652174,23.5,-0.10108695652174049
1986,spring_tmx_c,CRU-CY4.08,CRU-CY4.10,23.546739130434784,23.445652173913043,-0.10108695652174049
1987,spring_tmx_c,CRU-CY4.08,CRU-CY4.10,22.131521739130438,22.03369565217391,-0.09782608695652684
1988,spring_tmx_c,CRU-CY4.08,CRU-CY4.10,23.664130434782606,23.630434782608695,-0.03369565217391113
1989,spring_tmx_c,CRU-CY4.08,CRU-CY4.10,25.00978260869565,25.206521739130434,0.19673913043478208
1990,spring_tmx_c,CRU-CY4.08,CRU-CY4.10,23.359782608695657,23.25978260869565,-0.10000000000000497
1991,spring_tmx_c,CRU-CY4.08,CRU-CY4.10,24.28804347826087,24.254347826086953,-0.033695652173918234
1992,spring_tmx_c,CRU-CY4.08,CRU-CY4.10,22.25869565217391,22.192391304347826,-0.06630434782608319
1993,spring_tmx_c,CRU-CY4.08,CRU-CY4.10,23.120652173913044,23.088043478260868,-0.03260869565217561
1994,spring_tmx_c,CRU-CY4.08,CRU-CY4.10,24.61413043478261,24.61413043478261,0.0
1995,spring_tmx_c,CRU-CY4.08,CRU-CY4.10,23.84021739130435,23.80652173913044,-0.03369565217391113
1996,spring_tmx_c,CRU-CY4.08,CRU-CY4.10,23.87173913043478,23.839130434782607,-0.03260869565217206
1997,spring_tmx_c,CRU-CY4.08,CRU-CY4.10,22.705434782608698,22.705434782608698,0.0
1998,spring_tmx_c,CRU-CY4.08,CRU-CY4.10,23.948913043478257,23.98260869565217,0.03369565217391468
1999,spring_tmx_c,CRU-CY4.08,CRU-CY4.10,24.569565217391304,24.63695652173913,0.06739130434782581
2000,spring_tmx_c,CRU-CY4.08,CRU-CY4.10,24.18152173913044,24.18152173913044,0.0
2001,spring_tmx_c,CRU-CY4.08,CRU-CY4.10,25.3,25.3,0.0
2002,spring_tmx_c,CRU-CY4.08,CRU-CY4.10,24.040217391304346,23.972826086956523,-0.06739130434782226
2003,spring_tmx_c,CRU-CY4.08,CRU-CY4.10,23.89782608695652,23.897826086956524,3.552713678800501e-15
2004,spring_tmx_c,CRU-CY4.08,CRU-CY4.10,24.56847826086956,24.56847826086956,0.0
2005,spring_tmx_c,CRU-CY4.08,CRU-CY4.10,24.127173913043475,24.127173913043475,0.0
2006,spring_tmx_c,CRU-CY4.08,CRU-CY4.10,24.23260869565217,24.23260869565217,0.0
2007,spring_tmx_c,CRU-CY4.08,CRU-CY4.10,23.97717391304348,24.00978260869565,0.03260869565217206
2008,spring_tmx_c,CRU-CY4.08,CRU-CY4.10,25.992391304347827,25.992391304347827,0.0
2009,spring_tmx_c,CRU-CY4.08,CRU-CY4.10,23.823913043478264,23.857608695652175,0.03369565217391113
2010,spring_tmx_c,CRU-CY4.08,CRU-CY4.10,25.99891304347826,26.06630434782609,0.06739130434782936
2011,spring_tmx_c,CRU-CY4.08,CRU-CY4.10,23.76413043478261,23.76521739130435,0.0010869565217390686
2012,spring_tmx_c,CRU-CY4.08,CRU-CY4.10,24.380434782608695,24.414130434782606,0.03369565217391113
2013,spring_tmx_c,CRU-CY4.08,CRU-CY4.10,25.51086956521739,25.544565217391302,0.03369565217391113
2014,spring_tmx_c,CRU-CY4.08,CRU-CY4.10,25.125,25.292391304347827,0.16739130434782723
2015,spring_tmx_c,CRU-CY4.08,CRU-CY4.10,24.61195652173913,24.71195652173913,0.09999999999999787
2016,spring_tmx_c,CRU-CY4.08,CRU-CY4.10,25.74891304347826,25.88369565217391,0.13478260869564807
2017,spring_tmx_c,CRU-CY4.08,CRU-CY4.10,24.565217391304348,24.69782608695652,0.13260869565217348
2018,spring_tmx_c,CRU-CY4.08,CRU-CY4.10,26.23695652173913,26.471739130434777,0.23478260869564593
2019,spring_tmx_c,CRU-CY4.08,CRU-CY4.10,23.97826086956522,24.044565217391302,0.06630434782608319
2020,spring_tmx_c,CRU-CY4.08,CRU-CY4.10,24.106521739130432,24.23804347826087,0.13152173913043796
2021,spring_tmx_c,CRU-CY4.08,CRU-CY4.10,25.39782608695652,25.465217391304346,0.06739130434782581
2022,spring_tmx_c,CRU-CY4.08,CRU-CY4.10,23.70108695652174,23.73478260869565,0.03369565217391113
2023,spring_tmx_c,CRU-CY4.08,CRU-CY4.10,24.333695652173912,24.5,0.16630434782608816
1901,annual_tmp_c,CRU-CY4.08,CRU-CY4.10,18.483835616438355,18.483835616438355,0.0
1902,annual_tmp_c,CRU-CY4.08,CRU-CY4.10,17.95917808219178,17.95917808219178,0.0
1903,annual_tmp_c,CRU-CY4.08,CRU-CY4.10,17.05068493150685,17.05068493150685,0.0
1904,annual_tmp_c,CRU-CY4.08,CRU-CY4.10,17.590710382513663,17.590710382513663,0.0
1905,annual_tmp_c,CRU-CY4.08,CRU-CY4.10,17.98,17.98,0.0
1906,annual_tmp_c,CRU-CY4.08,CRU-CY4.10,18.286301369863015,18.286301369863015,0.0
1907,annual_tmp_c,CRU-CY4.08,CRU-CY4.10,17.659178082191783,17.659178082191783,0.0
1908,annual_tmp_c,CRU-CY4.08,CRU-CY4.10,17.8775956284153,17.89426229508197,0.016666666666669272
1909,annual_tmp_c,CRU-CY4.08,CRU-CY4.10,18.997808219178083,18.997808219178083,0.0
1910,annual_tmp_c,CRU-CY4.08,CRU-CY4.10,17.89972602739726,17.89972602739726,0.0
1911,annual_tmp_c,CRU-CY4.08,CRU-CY4.10,17.83205479452055,17.840273972602738,0.008219178082189416
1912,annual_tmp_c,CRU-CY4.08,CRU-CY4.10,17.93551912568306,17.93551912568306,0.0
1913,annual_tmp_c,CRU-CY4.08,CRU-CY4.10,17.994520547945207,17.994520547945207,0.0
1914,annual_tmp_c,CRU-CY4.08,CRU-CY4.10,18.473150684931507,18.473150684931507,0.0
1915,annual_tmp_c,CRU-CY4.08,CRU-CY4.10,19.300821917808218,19.30931506849315,0.00849315068493084
1916,annual_tmp_c,CRU-CY4.08,CRU-CY4.10,19.42267759562841,19.42267759562841,0.0
1917,annual_tmp_c,CRU-CY4.08,CRU-CY4.10,18.820273972602738,18.820273972602738,0.0
1918,annual_tmp_c,CRU-CY4.08,CRU-CY4.10,18.86465753424658,18.86465753424658,0.0
1919,annual_tmp_c,CRU-CY4.08,CRU-CY4.10,19.10027397260274,19.10027397260274,0.0
1920,annual_tmp_c,CRU-CY4.08,CRU-CY4.10,18.445081967213113,18.453551912568305,0.0084699453551913
1921,annual_tmp_c,CRU-CY4.08,CRU-CY4.10,18.307945205479452,18.307945205479452,0.0
1922,annual_tmp_c,CRU-CY4.08,CRU-CY4.10,18.976438356164387,18.984931506849314,0.008493150684927286
1923,annual_tmp_c,CRU-CY4.08,CRU-CY4.10,19.042465753424658,19.042465753424658,0.0
1924,annual_tmp_c,CRU-CY4.08,CRU-CY4.10,18.929234972677595,18.929234972677595,0.0
1925,annual_tmp_c,CRU-CY4.08,CRU-CY4.10,19.044109589041096,19.044109589041096,0.0
1926,annual_tmp_c,CRU-CY4.08,CRU-CY4.10,18.849589041095893,18.849589041095893,0.0
1927,annual_tmp_c,CRU-CY4.08,CRU-CY4.10,19.27123287671233,19.27123287671233,0.0
1928,annual_tmp_c,CRU-CY4.08,CRU-CY4.10,19.363661202185792,19.363661202185792,0.0
1929,annual_tmp_c,CRU-CY4.08,CRU-CY4.10,18.68383561643836,18.68383561643836,0.0
1930,annual_tmp_c,CRU-CY4.08,CRU-CY4.10,19.305753424657535,19.305753424657535,0.0
1931,annual_tmp_c,CRU-CY4.08,CRU-CY4.10,19.03013698630137,19.03013698630137,0.0
1932,annual_tmp_c,CRU-CY4.08,CRU-CY4.10,18.936612021857922,18.936612021857922,0.0
1933,annual_tmp_c,CRU-CY4.08,CRU-CY4.10,18.198082191780824,18.206301369863017,0.008219178082192968
1934,annual_tmp_c,CRU-CY4.08,CRU-CY4.10,18.94931506849315,18.94931506849315,0.0
1935,annual_tmp_c,CRU-CY4.08,CRU-CY4.10,19.30821917808219,19.30821917808219,0.0
1936,annual_tmp_c,CRU-CY4.08,CRU-CY4.10,19.12513661202186,19.13360655737705,0.0084699453551913
1937,annual_tmp_c,CRU-CY4.08,CRU-CY4.10,19.36109589041096,19.36109589041096,0.0
1938,annual_tmp_c,CRU-CY4.08,CRU-CY4.10,18.628493150684932,18.628493150684932,0.0
1939,annual_tmp_c,CRU-CY4.08,CRU-CY4.10,19.312602739726028,19.312602739726028,0.0
1940,annual_tmp_c,CRU-CY4.08,CRU-CY4.10,18.986612021857923,18.986612021857923,0.0
1941,annual_tmp_c,CRU-CY4.08,CRU-CY4.10,19.016438356164382,19.016438356164382,0.0
1942,annual_tmp_c,CRU-CY4.08,CRU-CY4.10,18.917534246575343,18.917534246575343,0.0
1943,annual_tmp_c,CRU-CY4.08,CRU-CY4.10,18.563287671232878,18.563287671232878,0.0
1944,annual_tmp_c,CRU-CY4.08,CRU-CY4.10,18.73743169398907,18.73743169398907,0.0
1945,annual_tmp_c,CRU-CY4.08,CRU-CY4.10,18.339178082191783,18.339178082191783,0.0
1946,annual_tmp_c,CRU-CY4.08,CRU-CY4.10,19.053150684931506,19.053150684931506,0.0
1947,annual_tmp_c,CRU-CY4.08,CRU-CY4.10,19.486027397260273,19.486027397260273,0.0
1948,annual_tmp_c,CRU-CY4.08,CRU-CY4.10,18.150273224043715,18.150273224043715,0.0
1949,annual_tmp_c,CRU-CY4.08,CRU-CY4.10,18.035068493150682,18.035068493150682,0.0
1950,annual_tmp_c,CRU-CY4.08,CRU-CY4.10,18.425205479452053,18.441917808219177,0.016712328767123807
1951,annual_tmp_c,CRU-CY4.08,CRU-CY4.10,19.392602739726026,19.41780821917808,0.025205479452054647
1952,annual_tmp_c,CRU-CY4.08,CRU-CY4.10,19.5931693989071,19.584699453551913,-0.008469945355187747
1953,annual_tmp_c,CRU-CY4.08,CRU-CY4.10,18.637534246575346,18.637534246575346,0.0
1954,annual_tmp_c,CRU-CY4.08,CRU-CY4.10,19.318082191780825,19.301917808219176,-0.016164383561648066
1955,annual_tmp_c,CRU-CY4.08,CRU-CY4.10,19.71123287671233,19.703013698630137,-0.008219178082192968
1956,annual_tmp_c,CRU-CY4.08,CRU-CY4.10,18.76775956284153,18.775956284153004,0.00819672131147442
1957,annual_tmp_c,CRU-CY4.08,CRU-CY4.10,18.836164383561645,18.81917808219178,-0.01698630136986523
1958,annual_tmp_c,CRU-CY4.08,CRU-CY4.10,19.21808219178082,19.234794520547943,0.016712328767123807
1959,annual_tmp_c,CRU-CY4.08,CRU-CY4.10,18.224383561643837,18.224383561643837,0.0
1960,annual_tmp_c,CRU-CY4.08,CRU-CY4.10,19.812568306010927,19.812841530054644,0.0002732240437168798
1961,annual_tmp_c,CRU-CY4.08,CRU-CY4.10,18.670684931506848,18.670684931506848,0.0
1962,annual_tmp_c,CRU-CY4.08,CRU-CY4.10,19.895890410958906,19.895890410958906,0.0
1963,annual_tmp_c,CRU-CY4.08,CRU-CY4.10,19.47232876712329,19.47232876712329,0.0
1964,annual_tmp_c,CRU-CY4.08,CRU-CY4.10,18.250273224043713,18.250273224043713,0.0
1965,annual_tmp_c,CRU-CY4.08,CRU-CY4.10,18.932602739726025,18.932602739726025,0.0
1966,annual_tmp_c,CRU-CY4.08,CRU-CY4.10,19.62876712328767,19.62876712328767,0.0
1967,annual_tmp_c,CRU-CY4.08,CRU-CY4.10,18.01808219178082,18.01808219178082,0.0
1968,annual_tmp_c,CRU-CY4.08,CRU-CY4.10,18.877049180327866,18.877049180327866,0.0
1969,annual_tmp_c,CRU-CY4.08,CRU-CY4.10,19.179178082191783,19.179178082191783,0.0
1970,annual_tmp_c,CRU-CY4.08,CRU-CY4.10,18.89123287671233,18.89123287671233,0.0
1971,annual_tmp_c,CRU-CY4.08,CRU-CY4.10,18.529041095890413,18.529041095890413,0.0
1972,annual_tmp_c,CRU-CY4.08,CRU-CY4.10,18.31639344262295,18.31639344262295,0.0
1973,annual_tmp_c,CRU-CY4.08,CRU-CY4.10,18.61808219178082,18.61808219178082,0.0
1974,annual_tmp_c,CRU-CY4.08,CRU-CY4.10,18.542191780821916,18.542191780821916,0.0
1975,annual_tmp_c,CRU-CY4.08,CRU-CY4.10,18.4572602739726,18.4572602739726,0.0
1976,annual_tmp_c,CRU-CY4.08,CRU-CY4.10,18.389890710382517,18.389890710382517,0.0
1977,annual_tmp_c,CRU-CY4.08,CRU-CY4.10,18.60876712328767,18.60876712328767,0.0
1978,annual_tmp_c,CRU-CY4.08,CRU-CY4.10,18.869589041095892,18.869589041095892,0.0
1979,annual_tmp_c,CRU-CY4.08,CRU-CY4.10,19.343561643835617,19.343561643835617,0.0
1980,annual_tmp_c,CRU-CY4.08,CRU-CY4.10,18.74590163934426,18.74590163934426,0.0
1981,annual_tmp_c,CRU-CY4.08,CRU-CY4.10,18.766027397260274,18.766027397260274,0.0
1982,annual_tmp_c,CRU-CY4.08,CRU-CY4.10,18.04054794520548,18.04054794520548,0.0
1983,annual_tmp_c,CRU-CY4.08,CRU-CY4.10,17.94739726027397,17.94739726027397,0.0
1984,annual_tmp_c,CRU-CY4.08,CRU-CY4.10,18.48989071038251,18.48989071038251,0.0
1985,annual_tmp_c,CRU-CY4.08,CRU-CY4.10,19.00328767123288,19.00328767123288,0.0
1986,annual_tmp_c,CRU-CY4.08,CRU-CY4.10,18.841369863013696,18.841369863013696,0.0
1987,annual_tmp_c,CRU-CY4.08,CRU-CY4.10,18.81616438356164,18.81616438356164,0.0
1988,annual_tmp_c,CRU-CY4.08,CRU-CY4.10,18.855464480874314,18.855464480874314,0.0
1989,annual_tmp_c,CRU-CY4.08,CRU-CY4.10,18.822191780821917,18.822191780821917,0.0
1990,annual_tmp_c,CRU-CY4.08,CRU-CY4.10,19.10054794520548,19.10054794520548,0.0
1991,annual_tmp_c,CRU-CY4.08,CRU-CY4.10,19.031780821917813,19.031780821917813,0.0
1992,annual_tmp_c,CRU-CY4.08,CRU-CY4.10,17.981967213114757,17.981967213114757,0.0
1993,annual_tmp_c,CRU-CY4.08,CRU-CY4.10,18.934794520547946,18.934794520547946,0.0
1994,annual_tmp_c,CRU-CY4.08,CRU-CY4.10,19.553972602739726,19.553972602739726,0.0
1995,annual_tmp_c,CRU-CY4.08,CRU-CY4.10,19.161369863013697,19.161369863013697,0.0
1996,annual_tmp_c,CRU-CY4.08,CRU-CY4.10,19.642622950819675,19.642622950819675,0.0
1997,annual_tmp_c,CRU-CY4.08,CRU-CY4.10,18.88657534246575,18.895068493150685,0.008493150684934392
1998,annual_tmp_c,CRU-CY4.08,CRU-CY4.10,20.069041095890412,20.06931506849315,0.00027397260273787083
1999,annual_tmp_c,CRU-CY4.08,CRU-CY4.10,19.89780821917808,19.898082191780823,0.00027397260274142354
2000,annual_tmp_c,CRU-CY4.08,CRU-CY4.10,19.301366120218578,19.31830601092896,0.0169398907103826
2001,annual_tmp_c,CRU-CY4.08,CRU-CY4.10,20.026301369863013,20.027123287671234,0.0008219178082207179
2002,annual_tmp_c,CRU-CY4.08,CRU-CY4.10,19.878630136986303,19.895342465753426,0.016712328767123807
2003,annual_tmp_c,CRU-CY4.08,CRU-CY4.10,19.823013698630135,19.84849315068493,0.02547945205479607
2004,annual_tmp_c,CRU-CY4.08,CRU-CY4.10,19.645901639344263,19.654371584699454,0.0084699453551913
2005,annual_tmp_c,CRU-CY4.08,CRU-CY4.10,19.526027397260275,19.526027397260275,0.0
2006,annual_tmp_c,CRU-CY4.08,CRU-CY4.10,19.447123287671236,19.4386301369863,-0.008493150684934392
2007,annual_tmp_c,CRU-CY4.08,CRU-CY4.10,19.704109589041096,19.72109589041096,0.01698630136986523
2008,annual_tmp_c,CRU-CY4.08,CRU-CY4.10,19.935519125683058,19.951912568306007,0.01639344262294884
2009,annual_tmp_c,CRU-CY4.08,CRU-CY4.10,19.853698630136986,19.861369863013696,0.007671232876710121
2010,annual_tmp_c,CRU-CY4.08,CRU-CY4.10,21.375068493150685,21.383561643835613,0.008493150684927286
2011,annual_tmp_c,CRU-CY4.08,CRU-CY4.10,19.37698630136986,19.385479452054796,0.008493150684934392
2012,annual_tmp_c,CRU-CY4.08,CRU-CY4.10,20.103005464480873,20.12814207650273,0.02513661202185702
2013,annual_tmp_c,CRU-CY4.08,CRU-CY4.10,19.866575342465755,19.866575342465755,0.0
2014,annual_tmp_c,CRU-CY4.08,CRU-CY4.10,20.093698630136984,20.101095890410956,0.00739726027397225
2015,annual_tmp_c,CRU-CY4.08,CRU-CY4.10,19.88109589041096,19.93178082191781,0.050684931506847164
2016,annual_tmp_c,CRU-CY4.08,CRU-CY4.10,20.313114754098358,20.33005464480874,0.0169398907103826
2017,annual_tmp_c,CRU-CY4.08,CRU-CY4.10,19.906027397260274,19.98164383561644,0.07561643835616394
2018,annual_tmp_c,CRU-CY4.08,CRU-CY4.10,20.66986301369863,20.670136986301372,0.00027397260274142354
2019,annual_tmp_c,CRU-CY4.08,CRU-CY4.10,20.03835616438356,20.055890410958906,0.017534246575344525
2020,annual_tmp_c,CRU-CY4.08,CRU-CY4.10,20.1068306010929,20.13169398907104,0.02486338797814014
2021,annual_tmp_c,CRU-CY4.08,CRU-CY4.10,20.40876712328767,20.46191780821918,0.05315068493150932
2022,annual_tmp_c,CRU-CY4.08,CRU-CY4.10,19.78958904109589,19.822465753424655,0.03287671232876477
2023,annual_tmp_c,CRU-CY4.08,CRU-CY4.10,20.62767123287671,20.702465753424658,0.07479452054794677
1902,pet_mm,CRU-CY4.08,CRU-CY4.10,1441.3999999999999,1435.2,-6.199999999999818
1903,pet_mm,CRU-CY4.08,CRU-CY4.10,1402.3,1402.3,0.0
1904,pet_mm,CRU-CY4.08,CRU-CY4.10,1401.1,1395.1999999999998,-5.900000000000091
1905,pet_mm,CRU-CY4.08,CRU-CY4.10,1424.1,1421.1,-3.0
1906,pet_mm,CRU-CY4.08,CRU-CY4.10,1444.8000000000002,1441.7,-3.1000000000001364
1907,pet_mm,CRU-CY4.08,CRU-CY4.10,1426.6000000000001,1426.6000000000001,0.0
1908,pet_mm,CRU-CY4.08,CRU-CY4.10,1447.1000000000001,1444.0,-3.1000000000001364
1909,pet_mm,CRU-CY4.08,CRU-CY4.10,1457.3999999999999,1457.3999999999999,0.0
1910,pet_mm,CRU-CY4.08,CRU-CY4.10,1453.8,1450.7,-3.099999999999909
1911,pet_mm,CRU-CY4.08,CRU-CY4.10,1429.8999999999999,1429.8999999999999,0.0
1912,pet_mm,CRU-CY4.08,CRU-CY4.10,1434.7,1434.7,0.0
1913,pet_mm,CRU-CY4.08,CRU-CY4.10,1426.5,1426.5,0.0
1914,pet_mm,CRU-CY4.08,CRU-CY4.10,1439.0,1439.0,0.0
1915,pet_mm,CRU-CY4.08,CRU-CY4.10,1478.0,1478.0,0.0
1916,pet_mm,CRU-CY4.08,CRU-CY4.10,1529.7,1523.6000000000001,-6.099999999999909
1917,pet_mm,CRU-CY4.08,CRU-CY4.10,1569.4,1532.8,-36.600000000000136
1918,pet_mm,CRU-CY4.08,CRU-CY4.10,1466.2,1463.1000000000001,-3.099999999999909
1919,pet_mm,CRU-CY4.08,CRU-CY4.10,1462.8999999999999,1462.8999999999999,0.0
1920,pet_mm,CRU-CY4.08,CRU-CY4.10,1453.6000000000001,1456.7,3.099999999999909
1921,pet_mm,CRU-CY4.08,CRU-CY4.10,1457.2,1454.1000000000001,-3.099999999999909
1922,pet_mm,CRU-CY4.08,CRU-CY4.10,1465.9999999999998,1462.8999999999999,-3.099999999999909
1923,pet_mm,CRU-CY4.08,CRU-CY4.10,1551.4,1551.3,-0.10000000000013642
1924,pet_mm,CRU-CY4.08,CRU-CY4.10,1571.8,1574.8,3.0
1925,pet_mm,CRU-CY4.08,CRU-CY4.10,1594.3,1560.6,-33.700000000000045
1926,pet_mm,CRU-CY4.08,CRU-CY4.10,1588.0,1551.3999999999999,-36.600000000000136
1927,pet_mm,CRU-CY4.08,CRU-CY4.10,1597.6999999999998,1564.1,-33.59999999999991
1928,pet_mm,CRU-CY4.08,CRU-CY4.10,1649.3000000000002,1643.0,-6.300000000000182
1929,pet_mm,CRU-CY4.08,CRU-CY4.10,1570.1000000000001,1573.2,3.099999999999909
1930,pet_mm,CRU-CY4.08,CRU-CY4.10,1633.7,1579.1,-54.600000000000136
1931,pet_mm,CRU-CY4.08,CRU-CY4.10,1615.4,1566.6,-48.80000000000018
1932,pet_mm,CRU-CY4.08,CRU-CY4.10,1590.9,1557.2,-33.700000000000045
1933,pet_mm,CRU-CY4.08,CRU-CY4.10,1493.6000000000001,1463.3000000000002,-30.299999999999955
1934,pet_mm,CRU-CY4.08,CRU-CY4.10,1570.1,1533.3,-36.799999999999955
1935,pet_mm,CRU-CY4.08,CRU-CY4.10,1603.6,1570.2,-33.399999999999864
1936,pet_mm,CRU-CY4.08,CRU-CY4.10,1532.7,1520.6,-12.100000000000136
1937,pet_mm,CRU-CY4.08,CRU-CY4.10,1557.4,1544.9,-12.5
1938,pet_mm,CRU-CY4.08,CRU-CY4.10,1524.5,1515.3,-9.200000000000045
1939,pet_mm,CRU-CY4.08,CRU-CY4.10,1521.6000000000001,1509.4,-12.200000000000045
1940,pet_mm,CRU-CY4.08,CRU-CY4.10,1502.1000000000001,1493.0,-9.100000000000136
1941,pet_mm,CRU-CY4.08,CRU-CY4.10,1478.2,1478.2,0.0
1942,pet_mm,CRU-CY4.08,CRU-CY4.10,1450.4,1450.4,0.0
1943,pet_mm,CRU-CY4.08,CRU-CY4.10,1414.3999999999999,1411.3999999999999,-3.0
1944,pet_mm,CRU-CY4.08,CRU-CY4.10,1535.1000000000001,1529.2,-5.900000000000091
1945,pet_mm,CRU-CY4.08,CRU-CY4.10,1500.6000000000001,1497.5,-3.1000000000001364
1946,pet_mm,CRU-CY4.08,CRU-CY4.10,1505.8000000000002,1505.9,0.09999999999990905
1947,pet_mm,CRU-CY4.08,CRU-CY4.10,1533.0,1523.8000000000002,-9.199999999999818
1948,pet_mm,CRU-CY4.08,CRU-CY4.10,1472.0,1472.0,0.0
1949,pet_mm,CRU-CY4.08,CRU-CY4.10,1408.5,1408.6,0.09999999999990905
1950,pet_mm,CRU-CY4.08,CRU-CY4.10,1453.8000000000002,1453.8000000000002,0.0
1951,pet_mm,CRU-CY4.08,CRU-CY4.10,1505.6000000000001,1505.6000000000001,0.0
1952,pet_mm,CRU-CY4.08,CRU-CY4.10,1492.5,1495.6,3.099999999999909
1953,pet_mm,CRU-CY4.08,CRU-CY4.10,1484.3999999999999,1484.3999999999999,0.0
1954,pet_mm,CRU-CY4.08,CRU-CY4.10,1475.8,1472.7,-3.099999999999909
1955,pet_mm,CRU-CY4.08,CRU-CY4.10,1489.5,1489.5,0.0
1956,pet_mm,CRU-CY4.08,CRU-CY4.10,1492.9,1486.8,-6.100000000000136
1957,pet_mm,CRU-CY4.08,CRU-CY4.10,1478.2,1472.3,-5.900000000000091
1958,pet_mm,CRU-CY4.08,CRU-CY4.10,1530.1000000000001,1521.0,-9.100000000000136
1959,pet_mm,CRU-CY4.08,CRU-CY4.10,1479.4,1461.0,-18.40000000000009
1960,pet_mm,CRU-CY4.08,CRU-CY4.10,1514.3,1505.1,-9.200000000000045
1961,pet_mm,CRU-CY4.08,CRU-CY4.10,1470.1999999999998,1476.3,6.100000000000136
1962,pet_mm,CRU-CY4.08,CRU-CY4.10,1490.8,1506.2,15.400000000000091
1963,pet_mm,CRU-CY4.08,CRU-CY4.10,1505.0,1502.0,-3.0
1964,pet_mm,CRU-CY4.08,CRU-CY4.10,1441.2,1450.4,9.200000000000045
1965,pet_mm,CRU-CY4.08,CRU-CY4.10,1499.8,1505.9,6.100000000000136
1966,pet_mm,CRU-CY4.08,CRU-CY4.10,1481.3,1499.5000000000002,18.200000000000273
1967,pet_mm,CRU-CY4.08,CRU-CY4.10,1435.4,1432.3,-3.1000000000001364
1968,pet_mm,CRU-CY4.08,CRU-CY4.10,1465.6,1465.6,0.0
1969,pet_mm,CRU-CY4.08,CRU-CY4.10,1456.1,1453.1,-3.0
1970,pet_mm,CRU-CY4.08,CRU-CY4.10,1459.7,1465.8999999999999,6.199999999999818
1971,pet_mm,CRU-CY4.08,CRU-CY4.10,1438.8,1444.9,6.100000000000136
1972,pet_mm,CRU-CY4.08,CRU-CY4.10,1437.6,1437.7,0.10000000000013642
1973,pet_mm,CRU-CY4.08,CRU-CY4.10,1481.0,1475.0,-6.0
1974,pet_mm,CRU-CY4.08,CRU-CY4.10,1447.7,1453.8999999999999,6.199999999999818
1975,pet_mm,CRU-CY4.08,CRU-CY4.10,1451.1000000000001,1454.2,3.099999999999909
1976,pet_mm,CRU-CY4.08,CRU-CY4.10,1416.8,1416.9,0.10000000000013642
1977,pet_mm,CRU-CY4.08,CRU-CY4.10,1472.0,1465.5,-6.5
1978,pet_mm,CRU-CY4.08,CRU-CY4.10,1465.9,1469.0,3.099999999999909
1979,pet_mm,CRU-CY4.08,CRU-CY4.10,1480.7000000000003,1474.6000000000001,-6.100000000000136
1980,pet_mm,CRU-CY4.08,CRU-CY4.10,1456.3,1456.3,0.0
1981,pet_mm,CRU-CY4.08,CRU-CY4.10,1463.1,1457.0,-6.099999999999909
1982,pet_mm,CRU-CY4.08,CRU-CY4.10,1433.1000000000001,1433.1000000000001,0.0
1983,pet_mm,CRU-CY4.08,CRU-CY4.10,1408.7,1405.6,-3.1000000000001364
1984,pet_mm,CRU-CY4.08,CRU-CY4.10,1465.1,1465.1,0.0
1985,pet_mm,CRU-CY4.08,CRU-CY4.10,1476.1,1463.8,-12.299999999999955
1986,pet_mm,CRU-CY4.08,CRU-CY4.10,1474.6,1468.3999999999999,-6.2000000000000455
1987,pet_mm,CRU-CY4.08,CRU-CY4.10,1453.5,1456.6,3.099999999999909
1988,pet_mm,CRU-CY4.08,CRU-CY4.10,1483.9,1477.8000000000002,-6.099999999999909
1989,pet_mm,CRU-CY4.08,CRU-CY4.10,1484.3000000000002,1487.4,3.099999999999909
1990,pet_mm,CRU-CY4.08,CRU-CY4.10,1460.4,1460.4,0.0
1991,pet_mm,CRU-CY4.08,CRU-CY4.10,1484.1,1478.0,-6.099999999999909
1992,pet_mm,CRU-CY4.08,CRU-CY4.10,1416.9,1413.8000000000002,-3.099999999999909
1993,pet_mm,CRU-CY4.08,CRU-CY4.10,1463.5,1460.4,-3.099999999999909
1994,pet_mm,CRU-CY4.08,CRU-CY4.10,1514.7,1514.7,0.0
1995,pet_mm,CRU-CY4.08,CRU-CY4.10,1499.7,1499.8,0.09999999999990905
1996,pet_mm,CRU-CY4.08,CRU-CY4.10,1486.5,1486.5,0.0
1997,pet_mm,CRU-CY4.08,CRU-CY4.10,1469.9,1472.9,3.0
1998,pet_mm,CRU-CY4.08,CRU-CY4.10,1499.1,1496.0,-3.099999999999909
1999,pet_mm,CRU-CY4.08,CRU-CY4.10,1515.1,1518.2,3.1000000000001364
2000,pet_mm,CRU-CY4.08,CRU-CY4.10,1511.1,1511.1,0.0
2001,pet_mm,CRU-CY4.08,CRU-CY4.10,1505.8,1502.8,-3.0
2002,pet_mm,CRU-CY4.08,CRU-CY4.10,1487.4,1490.2,2.7999999999999545
2003,pet_mm,CRU-CY4.08,CRU-CY4.10,1481.8,1484.8999999999999,3.099999999999909
2004,pet_mm,CRU-CY4.08,CRU-CY4.10,1495.9,1489.9,-6.0
2005,pet_mm,CRU-CY4.08,CRU-CY4.10,1493.8,1490.8,-3.0
2006,pet_mm,CRU-CY4.08,CRU-CY4.10,1496.6999999999998,1496.6,-0.09999999999990905
2007,pet_mm,CRU-CY4.08,CRU-CY4.10,1490.6999999999998,1487.6,-3.099999999999909
2008,pet_mm,CRU-CY4.08,CRU-CY4.10,1550.8999999999999,1541.8999999999999,-9.0
2009,pet_mm,CRU-CY4.08,CRU-CY4.10,1496.3999999999999,1493.3999999999999,-3.0
2010,pet_mm,CRU-CY4.08,CRU-CY4.10,1572.6000000000001,1572.6000000000001,0.0
2011,pet_mm,CRU-CY4.08,CRU-CY4.10,1518.1,1515.0,-3.099999999999909
2012,pet_mm,CRU-CY4.08,CRU-CY4.10,1508.0,1508.0,0.0
2013,pet_mm,CRU-CY4.08,CRU-CY4.10,1520.8,1517.7,-3.099999999999909
2014,pet_mm,CRU-CY4.08,CRU-CY4.10,1507.8,1517.1,9.299999999999955
2015,pet_mm,CRU-CY4.08,CRU-CY4.10,1497.1999999999998,1503.1000000000001,5.900000000000318
2016,pet_mm,CRU-CY4.08,CRU-CY4.10,1546.8999999999999,1543.9999999999998,-2.900000000000091
2017,pet_mm,CRU-CY4.08,CRU-CY4.10,1499.6,1499.6,0.0
2018,pet_mm,CRU-CY4.08,CRU-CY4.10,1529.9,1539.1,9.199999999999818
2019,pet_mm,CRU-CY4.08,CRU-CY4.10,1484.8,1487.8999999999999,3.099999999999909
2020,pet_mm,CRU-CY4.08,CRU-CY4.10,1508.2,1514.2999999999997,6.099999999999682
2021,pet_mm,CRU-CY4.08,CRU-CY4.10,1545.8,1551.8999999999999,6.099999999999909
2022,pet_mm,CRU-CY4.08,CRU-CY4.10,1481.1,1490.0,8.900000000000091
2023,pet_mm,CRU-CY4.08,CRU-CY4.10,1512.3000000000002,1518.4,6.099999999999909
1902,balance_mm,CRU-CY4.08,CRU-CY4.10,-1030.8000000000002,-1021.8000000000001,9.000000000000114
1903,balance_mm,CRU-CY4.08,CRU-CY4.10,-921.4000000000001,-914.4000000000001,7.0
1904,balance_mm,CRU-CY4.08,CRU-CY4.10,-968.9000000000001,-964.1999999999999,4.700000000000159
1905,balance_mm,CRU-CY4.08,CRU-CY4.10,-776.7,-744.8,31.90000000000009
1906,balance_mm,CRU-CY4.08,CRU-CY4.10,-881.1000000000001,-868.5000000000001,12.600000000000023
1907,balance_mm,CRU-CY4.08,CRU-CY4.10,-907.1000000000001,-901.4000000000001,5.7000000000000455
1908,balance_mm,CRU-CY4.08,CRU-CY4.10,-892.5000000000001,-902.3000000000001,-9.799999999999955
1909,balance_mm,CRU-CY4.08,CRU-CY4.10,-1018.4999999999998,-1028.6999999999998,-10.200000000000045
1910,balance_mm,CRU-CY4.08,CRU-CY4.10,-1014.4,-1011.5,2.8999999999999773
1911,balance_mm,CRU-CY4.08,CRU-CY4.10,-881.8,-872.0,9.799999999999955
1912,balance_mm,CRU-CY4.08,CRU-CY4.10,-862.9000000000001,-846.5,16.40000000000009
1913,balance_mm,CRU-CY4.08,CRU-CY4.10,-919.0000000000001,-909.5000000000001,9.5
1914,balance_mm,CRU-CY4.08,CRU-CY4.10,-1017.5999999999999,-1021.4,-3.800000000000068
1915,balance_mm,CRU-CY4.08,CRU-CY4.10,-1027.8,-1025.2,2.599999999999909
1916,balance_mm,CRU-CY4.08,CRU-CY4.10,-1066.0,-1045.1,20.90000000000009
1917,balance_mm,CRU-CY4.08,CRU-CY4.10,-1061.8,-1013.1,48.69999999999993
1918,balance_mm,CRU-CY4.08,CRU-CY4.10,-951.1000000000001,-934.9,16.20000000000016
1919,balance_mm,CRU-CY4.08,CRU-CY4.10,-925.1,-921.1999999999999,3.900000000000091
1920,balance_mm,CRU-CY4.08,CRU-CY4.10,-848.4000000000001,-831.5,16.90000000000009
1921,balance_mm,CRU-CY4.08,CRU-CY4.10,-1001.1999999999999,-982.3,18.899999999999977
1922,balance_mm,CRU-CY4.08,CRU-CY4.10,-966.4999999999999,-963.3,3.199999999999932
1923,balance_mm,CRU-CY4.08,CRU-CY4.10,-1144.5,-1148.5,-4.0
1924,balance_mm,CRU-CY4.08,CRU-CY4.10,-1129.0,-1142.8,-13.799999999999955
1925,balance_mm,CRU-CY4.08,CRU-CY4.10,-1226.8999999999999,-1192.0,34.899999999999864
1926,balance_mm,CRU-CY4.08,CRU-CY4.10,-1107.4,-1076.8,30.600000000000136
1927,balance_mm,CRU-CY4.08,CRU-CY4.10,-1142.6999999999998,-1117.8999999999999,24.799999999999955
1928,balance_mm,CRU-CY4.08,CRU-CY4.10,-1285.4,-1272.2,13.200000000000045
1929,balance_mm,CRU-CY4.08,CRU-CY4.10,-1121.6000000000001,-1140.2,-18.59999999999991
1930,balance_mm,CRU-CY4.08,CRU-CY4.10,-1192.4,-1143.5,48.90000000000009
1931,balance_mm,CRU-CY4.08,CRU-CY4.10,-1185.3000000000002,-1146.1999999999998,39.100000000000364
1932,balance_mm,CRU-CY4.08,CRU-CY4.10,-1222.6000000000001,-1150.5,72.10000000000014
1933,balance_mm,CRU-CY4.08,CRU-CY4.10,-1245.8,-1214.7,31.09999999999991
1934,balance_mm,CRU-CY4.08,CRU-CY4.10,-1200.8,-1151.4,49.399999999999864
1935,balance_mm,CRU-CY4.08,CRU-CY4.10,-1105.9,-1078.8,27.100000000000136
1936,balance_mm,CRU-CY4.08,CRU-CY4.10,-1204.0,-1200.8,3.2000000000000455
1937,balance_mm,CRU-CY4.08,CRU-CY4.10,-1070.3000000000002,-1008.7,61.600000000000136
1938,balance_mm,CRU-CY4.08,CRU-CY4.10,-1000.5,-943.8000000000001,56.69999999999993
1939,balance_mm,CRU-CY4.08,CRU-CY4.10,-1019.9,-976.5999999999999,43.30000000000007
1940,balance_mm,CRU-CY4.08,CRU-CY4.10,-1030.6,-990.0999999999999,40.5
1941,balance_mm,CRU-CY4.08,CRU-CY4.10,-1033.6,-1050.6,-17.0
1942,balance_mm,CRU-CY4.08,CRU-CY4.10,-914.8,-902.3999999999999,12.400000000000091
1943,balance_mm,CRU-CY4.08,CRU-CY4.10,-853.8,-844.8,9.0
1944,balance_mm,CRU-CY4.08,CRU-CY4.10,-1124.9,-1093.8,31.100000000000136
1945,balance_mm,CRU-CY4.08,CRU-CY4.10,-826.0,-797.5000000000001,28.499999999999886
1946,balance_mm,CRU-CY4.08,CRU-CY4.10,-1100.8,-1105.7,-4.900000000000091
1947,balance_mm,CRU-CY4.08,CRU-CY4.10,-1237.7,-1238.3000000000002,-0.6000000000001364
1948,balance_mm,CRU-CY4.08,CRU-CY4.10,-1022.8,-1000.9,21.899999999999977
1949,balance_mm,CRU-CY4.08,CRU-CY4.10,-824.0,-820.1000000000001,3.8999999999998636
1950,balance_mm,CRU-CY4.08,CRU-CY4.10,-993.8,-990.3,3.5
1951,balance_mm,CRU-CY4.08,CRU-CY4.10,-1224.9,-1237.6,-12.699999999999818
1952,balance_mm,CRU-CY4.08,CRU-CY4.10,-966.6,-948.9000000000001,17.699999999999932
1953,balance_mm,CRU-CY4.08,CRU-CY4.10,-1035.5,-1040.6999999999998,-5.199999999999818
1954,balance_mm,CRU-CY4.08,CRU-CY4.10,-974.8,-959.1,15.699999999999932
1955,balance_mm,CRU-CY4.08,CRU-CY4.10,-1192.6,-1169.2,23.399999999999864
1956,balance_mm,CRU-CY4.08,CRU-CY4.10,-974.1999999999999,-963.2,10.999999999999886
1957,balance_mm,CRU-CY4.08,CRU-CY4.10,-1043.5,-1038.8,4.7000000000000455
1958,balance_mm,CRU-CY4.08,CRU-CY4.10,-1163.6,-1151.4,12.199999999999818
1959,balance_mm,CRU-CY4.08,CRU-CY4.10,-1159.1,-1140.0,19.09999999999991
1960,balance_mm,CRU-CY4.08,CRU-CY4.10,-1290.8,-1293.8999999999999,-3.099999999999909
1961,balance_mm,CRU-CY4.08,CRU-CY4.10,-1089.3999999999999,-1091.8999999999999,-2.5
1962,balance_mm,CRU-CY4.08,CRU-CY4.10,-1081.0,-1105.1,-24.09999999999991
1963,balance_mm,CRU-CY4.08,CRU-CY4.10,-1172.8,-1206.5,-33.700000000000045
1964,balance_mm,CRU-CY4.08,CRU-CY4.10,-928.1,-925.9000000000001,2.199999999999932
1965,balance_mm,CRU-CY4.08,CRU-CY4.10,-965.8999999999999,-939.3,26.59999999999991
1966,balance_mm,CRU-CY4.08,CRU-CY4.10,-1140.8,-1165.8,-25.0
1967,balance_mm,CRU-CY4.08,CRU-CY4.10,-825.5,-835.8,-10.299999999999955
1968,balance_mm,CRU-CY4.08,CRU-CY4.10,-1036.6999999999998,-1029.3,7.399999999999864
1969,balance_mm,CRU-CY4.08,CRU-CY4.10,-895.0,-900.3,-5.2999999999999545
1970,balance_mm,CRU-CY4.08,CRU-CY4.10,-1063.7,-1077.6000000000001,-13.900000000000091
1971,balance_mm,CRU-CY4.08,CRU-CY4.10,-986.9,-989.7,-2.800000000000068
1972,balance_mm,CRU-CY4.08,CRU-CY4.10,-970.0,-949.7,20.299999999999955
1973,balance_mm,CRU-CY4.08,CRU-CY4.10,-1172.3000000000002,-1169.8,2.5000000000002274
1974,balance_mm,CRU-CY4.08,CRU-CY4.10,-872.1,-848.4,23.700000000000045
1975,balance_mm,CRU-CY4.08,CRU-CY4.10,-1038.8,-1042.7,-3.900000000000091
1976,balance_mm,CRU-CY4.08,CRU-CY4.10,-1039.3000000000002,-1035.5,3.800000000000182
1977,balance_mm,CRU-CY4.08,CRU-CY4.10,-1054.4,-1043.7,10.700000000000045
1978,balance_mm,CRU-CY4.08,CRU-CY4.10,-1023.9000000000001,-1055.4,-31.5
1979,balance_mm,CRU-CY4.08,CRU-CY4.10,-1189.6000000000001,-1184.5,5.100000000000136
1980,balance_mm,CRU-CY4.08,CRU-CY4.10,-799.8,-802.6999999999999,-2.8999999999999773
1981,balance_mm,CRU-CY4.08,CRU-CY4.10,-977.6999999999998,-978.5,-0.8000000000001819
1982,balance_mm,CRU-CY4.08,CRU-CY4.10,-1060.5,-1069.9,-9.400000000000091
1983,balance_mm,CRU-CY4.08,CRU-CY4.10,-857.4,-837.7,19.699999999999932
1984,balance_mm,CRU-CY4.08,CRU-CY4.10,-1106.8,-1113.1999999999998,-6.399999999999864
1985,balance_mm,CRU-CY4.08,CRU-CY4.10,-1078.6,-1053.0,25.59999999999991
1986,balance_mm,CRU-CY4.08,CRU-CY4.10,-1146.4999999999998,-1138.3,8.199999999999818
1987,balance_mm,CRU-CY4.08,CRU-CY4.10,-934.4,-928.9,5.5
1988,balance_mm,CRU-CY4.08,CRU-CY4.10,-916.9000000000001,-911.4,5.500000000000114
1989,balance_mm,CRU-CY4.08,CRU-CY4.10,-1104.0,-1106.8,-2.7999999999999545
1990,balance_mm,CRU-CY4.08,CRU-CY4.10,-1047.0,-1042.3999999999999,4.600000000000136
1991,balance_mm,CRU-CY4.08,CRU-CY4.10,-1132.2,-1111.3000000000002,20.899999999999864
1992,balance_mm,CRU-CY4.08,CRU-CY4.10,-700.0,-694.8,5.2000000000000455
1993,balance_mm,CRU-CY4.08,CRU-CY4.10,-1003.1999999999999,-969.0999999999999,34.10000000000002
1994,balance_mm,CRU-CY4.08,CRU-CY4.10,-1151.3999999999999,-1124.3999999999999,27.0
1995,balance_mm,CRU-CY4.08,CRU-CY4.10,-1006.0999999999999,-985.0999999999999,21.0
1996,balance_mm,CRU-CY4.08,CRU-CY4.10,-1098.3,-1109.3,-11.0
1997,balance_mm,CRU-CY4.08,CRU-CY4.10,-1076.9,-1058.9,18.0
1998,balance_mm,CRU-CY4.08,CRU-CY4.10,-1059.9,-1053.5,6.400000000000091
1999,balance_mm,CRU-CY4.08,CRU-CY4.10,-1265.1999999999998,-1288.3,-23.100000000000136
2000,balance_mm,CRU-CY4.08,CRU-CY4.10,-1186.8999999999999,-1205.0,-18.100000000000136
2001,balance_mm,CRU-CY4.08,CRU-CY4.10,-1111.7,-1117.4,-5.7000000000000455
2002,balance_mm,CRU-CY4.08,CRU-CY4.10,-969.9000000000001,-1008.0999999999999,-38.19999999999982
2003,balance_mm,CRU-CY4.08,CRU-CY4.10,-900.0,-912.8,-12.799999999999955
2004,balance_mm,CRU-CY4.08,CRU-CY4.10,-1110.5,-1065.0,45.5
2005,balance_mm,CRU-CY4.08,CRU-CY4.10,-1119.8,-1148.9,-29.100000000000136
2006,balance_mm,CRU-CY4.08,CRU-CY4.10,-1143.8,-1124.1000000000001,19.699999999999818
2007,balance_mm,CRU-CY4.08,CRU-CY4.10,-1146.3000000000002,-1131.1,15.200000000000273
2008,balance_mm,CRU-CY4.08,CRU-CY4.10,-1238.3000000000002,-1251.3,-12.999999999999773
2009,balance_mm,CRU-CY4.08,CRU-CY4.10,-1207.1000000000001,-1217.2,-10.099999999999909
2010,balance_mm,CRU-CY4.08,CRU-CY4.10,-1195.4,-1162.0000000000002,33.399999999999864
2011,balance_mm,CRU-CY4.08,CRU-CY4.10,-1161.1,-1141.1,20.0
2012,balance_mm,CRU-CY4.08,CRU-CY4.10,-1043.8,-1093.0,-49.200000000000045
2013,balance_mm,CRU-CY4.08,CRU-CY4.10,-1066.9,-1048.1,18.800000000000182
2014,balance_mm,CRU-CY4.08,CRU-CY4.10,-1199.9,-1193.3,6.600000000000136
2015,balance_mm,CRU-CY4.08,CRU-CY4.10,-1013.1,-1033.3000000000002,-20.20000000000016
2016,balance_mm,CRU-CY4.08,CRU-CY4.10,-1191.3,-1196.2,-4.900000000000091
2017,balance_mm,CRU-CY4.08,CRU-CY4.10,-1161.6000000000001,-1166.3000000000002,-4.7000000000000455
2018,balance_mm,CRU-CY4.08,CRU-CY4.10,-1210.6,-1212.8000000000002,-2.200000000000273
2019,balance_mm,CRU-CY4.08,CRU-CY4.10,-969.9000000000001,-962.9000000000001,7.0
2020,balance_mm,CRU-CY4.08,CRU-CY4.10,-1005.1999999999999,-1014.6,-9.400000000000091
2021,balance_mm,CRU-CY4.08,CRU-CY4.10,-1139.1,-1156.8000000000002,-17.700000000000273
2022,balance_mm,CRU-CY4.08,CRU-CY4.10,-998.1,-997.1999999999999,0.900000000000091
2023,balance_mm,CRU-CY4.08,CRU-CY4.10,-991.3000000000001,-1006.9,-15.599999999999909
1902,wet_days,CRU-CY4.08,CRU-CY4.10,49.8,49.8,0.0
1903,wet_days,CRU-CY4.08,CRU-CY4.10,53.099999999999994,53.099999999999994,0.0
1904,wet_days,CRU-CY4.08,CRU-CY4.10,51.1,51.1,0.0
1905,wet_days,CRU-CY4.08,CRU-CY4.10,65.49999999999999,65.49999999999999,0.0
1906,wet_days,CRU-CY4.08,CRU-CY4.10,56.9,56.9,0.0
1907,wet_days,CRU-CY4.08,CRU-CY4.10,54.00000000000001,54.00000000000001,0.0
1908,wet_days,CRU-CY4.08,CRU-CY4.10,59.699999999999996,59.699999999999996,0.0
1909,wet_days,CRU-CY4.08,CRU-CY4.10,47.900000000000006,47.900000000000006,0.0
1910,wet_days,CRU-CY4.08,CRU-CY4.10,50.39999999999999,50.39999999999999,0.0
1911,wet_days,CRU-CY4.08,CRU-CY4.10,58.699999999999996,58.699999999999996,0.0
1912,wet_days,CRU-CY4.08,CRU-CY4.10,61.2,61.2,0.0
1913,wet_days,CRU-CY4.08,CRU-CY4.10,56.4,56.4,0.0
1914,wet_days,CRU-CY4.08,CRU-CY4.10,50.5,50.5,0.0
1915,wet_days,CRU-CY4.08,CRU-CY4.10,50.5,50.5,0.0
1916,wet_days,CRU-CY4.08,CRU-CY4.10,53.7,53.7,0.0
1917,wet_days,CRU-CY4.08,CRU-CY4.10,53.5,53.5,0.0
1918,wet_days,CRU-CY4.08,CRU-CY4.10,61.199999999999996,61.199999999999996,0.0
1919,wet_days,CRU-CY4.08,CRU-CY4.10,57.4,57.4,0.0
1920,wet_days,CRU-CY4.08,CRU-CY4.10,60.6,60.6,0.0
1921,wet_days,CRU-CY4.08,CRU-CY4.10,55.10000000000001,55.10000000000001,0.0
1922,wet_days,CRU-CY4.08,CRU-CY4.10,52.3,52.39999999999999,0.09999999999999432
1923,wet_days,CRU-CY4.08,CRU-CY4.10,47.20000000000001,47.20000000000001,0.0
1924,wet_days,CRU-CY4.08,CRU-CY4.10,51.800000000000004,51.800000000000004,0.0
1925,wet_days,CRU-CY4.08,CRU-CY4.10,49.1,49.1,0.0
1926,wet_days,CRU-CY4.08,CRU-CY4.10,54.9,54.9,0.0
1927,wet_days,CRU-CY4.08,CRU-CY4.10,46.2,46.2,0.0
1928,wet_days,CRU-CY4.08,CRU-CY4.10,44.599999999999994,44.599999999999994,0.0
1929,wet_days,CRU-CY4.08,CRU-CY4.10,49.8,49.8,0.0
1930,wet_days,CRU-CY4.08,CRU-CY4.10,51.5,51.5,0.0
1931,wet_days,CRU-CY4.08,CRU-CY4.10,50.699999999999996,50.699999999999996,0.0
1932,wet_days,CRU-CY4.08,CRU-CY4.10,47.3,47.3,0.0
1933,wet_days,CRU-CY4.08,CRU-CY4.10,38.900000000000006,38.900000000000006,0.0
1934,wet_days,CRU-CY4.08,CRU-CY4.10,44.400000000000006,44.400000000000006,0.0
1935,wet_days,CRU-CY4.08,CRU-CY4.10,47.800000000000004,47.800000000000004,0.0
1936,wet_days,CRU-CY4.08,CRU-CY4.10,42.1,42.1,0.0
1937,wet_days,CRU-CY4.08,CRU-CY4.10,50.800000000000004,50.800000000000004,0.0
1938,wet_days,CRU-CY4.08,CRU-CY4.10,57.8,57.8,0.0
1939,wet_days,CRU-CY4.08,CRU-CY4.10,56.4,56.4,0.0
1940,wet_days,CRU-CY4.08,CRU-CY4.10,52.29999999999999,52.29999999999999,0.0
1941,wet_days,CRU-CY4.08,CRU-CY4.10,48.3,48.3,0.0
1942,wet_days,CRU-CY4.08,CRU-CY4.10,54.800000000000004,54.800000000000004,0.0
1943,wet_days,CRU-CY4.08,CRU-CY4.10,59.8,59.8,0.0
1944,wet_days,CRU-CY4.08,CRU-CY4.10,49.7,49.7,0.0
1945,wet_days,CRU-CY4.08,CRU-CY4.10,63.900000000000006,63.900000000000006,0.0
1946,wet_days,CRU-CY4.08,CRU-CY4.10,50.099999999999994,50.099999999999994,0.0
1947,wet_days,CRU-CY4.08,CRU-CY4.10,40.0,40.0,0.0
1948,wet_days,CRU-CY4.08,CRU-CY4.10,52.2,52.2,0.0
1949,wet_days,CRU-CY4.08,CRU-CY4.10,56.1,56.1,0.0
1950,wet_days,CRU-CY4.08,CRU-CY4.10,53.60000000000001,53.60000000000001,0.0
1951,wet_days,CRU-CY4.08,CRU-CY4.10,42.7,42.7,0.0
1952,wet_days,CRU-CY4.08,CRU-CY4.10,54.9,54.9,0.0
1953,wet_days,CRU-CY4.08,CRU-CY4.10,52.5,52.5,0.0
1954,wet_days,CRU-CY4.08,CRU-CY4.10,53.800000000000004,53.800000000000004,0.0
1955,wet_days,CRU-CY4.08,CRU-CY4.10,44.10000000000001,44.10000000000001,0.0
1956,wet_days,CRU-CY4.08,CRU-CY4.10,53.8,53.8,0.0
1957,wet_days,CRU-CY4.08,CRU-CY4.10,53.0,53.0,0.0
1958,wet_days,CRU-CY4.08,CRU-CY4.10,41.4,41.4,0.0
1959,wet_days,CRU-CY4.08,CRU-CY4.10,40.400000000000006,40.400000000000006,0.0
1960,wet_days,CRU-CY4.08,CRU-CY4.10,34.9,34.9,0.0
1961,wet_days,CRU-CY4.08,CRU-CY4.10,46.4,46.4,0.0
1962,wet_days,CRU-CY4.08,CRU-CY4.10,47.400000000000006,47.400000000000006,0.0
1963,wet_days,CRU-CY4.08,CRU-CY4.10,42.5,42.5,0.0
1964,wet_days,CRU-CY4.08,CRU-CY4.10,58.2,58.2,0.0
1965,wet_days,CRU-CY4.08,CRU-CY4.10,55.800000000000004,55.800000000000004,0.0
1966,wet_days,CRU-CY4.08,CRU-CY4.10,46.4,46.4,0.0
1967,wet_days,CRU-CY4.08,CRU-CY4.10,59.00000000000001,59.00000000000001,0.0
1968,wet_days,CRU-CY4.08,CRU-CY4.10,53.00000000000001,53.00000000000001,0.0
1969,wet_days,CRU-CY4.08,CRU-CY4.10,57.49999999999999,57.49999999999999,0.0
1970,wet_days,CRU-CY4.08,CRU-CY4.10,48.0,48.0,0.0
1971,wet_days,CRU-CY4.08,CRU-CY4.10,54.00000000000001,54.00000000000001,0.0
1972,wet_days,CRU-CY4.08,CRU-CY4.10,55.699999999999996,55.699999999999996,0.0
1973,wet_days,CRU-CY4.08,CRU-CY4.10,42.9,42.9,0.0
1974,wet_days,CRU-CY4.08,CRU-CY4.10,57.5,57.5,0.0
1975,wet_days,CRU-CY4.08,CRU-CY4.10,49.49999999999999,49.49999999999999,0.0
1976,wet_days,CRU-CY4.08,CRU-CY4.10,50.50000000000001,50.50000000000001,0.0
1977,wet_days,CRU-CY4.08,CRU-CY4.10,48.900000000000006,48.900000000000006,0.0
1978,wet_days,CRU-CY4.08,CRU-CY4.10,49.699999999999996,49.699999999999996,0.0
1979,wet_days,CRU-CY4.08,CRU-CY4.10,43.699999999999996,43.699999999999996,0.0
1980,wet_days,CRU-CY4.08,CRU-CY4.10,61.900000000000006,61.900000000000006,0.0
1981,wet_days,CRU-CY4.08,CRU-CY4.10,52.7,52.7,0.0
1982,wet_days,CRU-CY4.08,CRU-CY4.10,48.00000000000001,48.00000000000001,0.0
1983,wet_days,CRU-CY4.08,CRU-CY4.10,59.39999999999999,59.39999999999999,0.0
1984,wet_days,CRU-CY4.08,CRU-CY4.10,42.800000000000004,42.800000000000004,0.0
1985,wet_days,CRU-CY4.08,CRU-CY4.10,48.7,48.7,0.0
1986,wet_days,CRU-CY4.08,CRU-CY4.10,46.10000000000001,46.10000000000001,0.0
1987,wet_days,CRU-CY4.08,CRU-CY4.10,54.0,54.0,0.0
1988,wet_days,CRU-CY4.08,CRU-CY4.10,61.1,61.1,0.0
1989,wet_days,CRU-CY4.08,CRU-CY4.10,49.699999999999996,49.699999999999996,0.0
1990,wet_days,CRU-CY4.08,CRU-CY4.10,49.5,49.5,0.0
1991,wet_days,CRU-CY4.08,CRU-CY4.10,48.1,48.1,0.0
1992,wet_days,CRU-CY4.08,CRU-CY4.10,63.0,63.0,0.0
1993,wet_days,CRU-CY4.08,CRU-CY4.10,50.49999999999999,50.49999999999999,0.0
1994,wet_days,CRU-CY4.08,CRU-CY4.10,50.900000000000006,50.900000000000006,0.0
1995,wet_days,CRU-CY4.08,CRU-CY4.10,51.199999999999996,51.199999999999996,0.0
1996,wet_days,CRU-CY4.08,CRU-CY4.10,51.1,51.1,0.0
1997,wet_days,CRU-CY4.08,CRU-CY4.10,53.0,53.0,0.0
1998,wet_days,CRU-CY4.08,CRU-CY4.10,56.00000000000001,56.00000000000001,0.0
1999,wet_days,CRU-CY4.08,CRU-CY4.10,34.6,34.6,0.0
2000,wet_days,CRU-CY4.08,CRU-CY4.10,37.800000000000004,37.800000000000004,0.0
2001,wet_days,CRU-CY4.08,CRU-CY4.10,51.0,51.099999999999994,0.09999999999999432
2002,wet_days,CRU-CY4.08,CRU-CY4.10,52.9,52.9,0.0
2003,wet_days,CRU-CY4.08,CRU-CY4.10,56.2,56.2,0.0
2004,wet_days,CRU-CY4.08,CRU-CY4.10,46.5,46.5,0.0
2005,wet_days,CRU-CY4.08,CRU-CY4.10,44.7,44.7,0.0
2006,wet_days,CRU-CY4.08,CRU-CY4.10,42.00000000000001,42.00000000000001,0.0
2007,wet_days,CRU-CY4.08,CRU-CY4.10,50.1,50.5,0.3999999999999986
2008,wet_days,CRU-CY4.08,CRU-CY4.10,37.1,36.9,-0.20000000000000284
2009,wet_days,CRU-CY4.08,CRU-CY4.10,36.20000000000001,36.20000000000001,0.0
2010,wet_days,CRU-CY4.08,CRU-CY4.10,48.7,48.7,0.0
2011,wet_days,CRU-CY4.08,CRU-CY4.10,47.800000000000004,47.199999999999996,-0.6000000000000085
2012,wet_days,CRU-CY4.08,CRU-CY4.10,40.9,40.9,0.0
2013,wet_days,CRU-CY4.08,CRU-CY4.10,48.5,48.5,0.0
2014,wet_days,CRU-CY4.08,CRU-CY4.10,38.3,38.2,-0.09999999999999432
2015,wet_days,CRU-CY4.08,CRU-CY4.10,51.300000000000004,51.800000000000004,0.5
2016,wet_days,CRU-CY4.08,CRU-CY4.10,46.0,45.3,-0.7000000000000028
2017,wet_days,CRU-CY4.08,CRU-CY4.10,41.1,41.0,-0.10000000000000142
2018,wet_days,CRU-CY4.08,CRU-CY4.10,42.9,43.0,0.10000000000000142
2019,wet_days,CRU-CY4.08,CRU-CY4.10,56.6,57.2,0.6000000000000014
2020,wet_days,CRU-CY4.08,CRU-CY4.10,53.6,53.300000000000004,-0.29999999999999716
2021,wet_days,CRU-CY4.08,CRU-CY4.10,46.5,45.5,-1.0
2022,wet_days,CRU-CY4.08,CRU-CY4.10,51.7,51.800000000000004,0.10000000000000142
2023,wet_days,CRU-CY4.08,CRU-CY4.10,55.6,56.0,0.3999999999999986
